CustomerID,Age,Gender,Location,IncomeLevel,PurchaseFrequency,AvgOrderValue,RecencyDays,TenureDays,Churned,CLV
CUST1968,25,Female,Rural,Low,5,28.64,49,1294,1,253.84
CUST1240,43,Male,Urban,Low,5,33.16,26,572,1,129.91
CUST1819,60,Male,Suburban,Medium,2,52.08,327,904,0,257.97
CUST1692,43,Male,Rural,Low,7,30.12,302,1411,0,815.06
CUST1420,64,Female,Suburban,Medium,2,12.99,308,448,1,15.94
CUST2085,54,Female,Rural,High,4,10.11,79,119,0,13.18
CUST2998,56,Female,Suburban,Medium,6,23.86,83,1835,0,719.72
CUST1365,19,Male,Rural,Low,2,41.55,208,1516,1,172.57
CUST2022,29,Female,Urban,Medium,10,31.74,120,905,0,786.98
CUST2240,56,Female,Suburban,Medium,6,15.68,271,147,0,37.89
CUST1588,56,Male,Urban,Low,0,36.41,196,552,0,0.0
CUST1736,18,Female,Rural,Medium,3,36.76,220,1665,0,503.06
CUST2761,31,Male,Urban,Medium,10,63.8,348,711,1,621.39
CUST1941,21,Male,Urban,Medium,5,63.46,208,1688,0,1467.4
CUST1071,27,Female,Urban,Low,6,58.11,202,580,1,277.02
CUST2407,43,Female,Rural,High,2,38.06,71,1180,0,246.09
CUST1259,59,Female,Rural,Low,8,61.56,79,1171,0,1579.98
CUST1051,64,Female,Suburban,Medium,4,80.95,125,1832,0,1625.21
CUST1198,58,Male,Suburban,Medium,7,55.22,205,1550,0,1641.47
CUST2788,35,Female,Urban,Low,5,68.01,74,977,1,455.11
CUST1650,45,Male,Urban,High,4,75.4,119,1242,1,513.13
CUST1332,34,Male,Urban,Medium,7,57.29,269,990,0,1087.73
CUST2359,38,Female,Suburban,Low,6,56.97,41,1232,0,1153.76
CUST1593,40,Female,Suburban,Low,4,38.46,284,480,0,202.31
CUST2391,64,Female,Rural,High,5,36.08,244,199,1,49.18
CUST2800,44,Female,Suburban,High,6,27.32,180,33,0,14.82
CUST2314,61,Male,Urban,Medium,6,86.17,18,1248,0,1767.78
CUST2111,19,Female,Suburban,Medium,3,36.51,70,747,1,112.08
CUST2006,26,Male,Urban,High,6,29.85,232,1394,0,684.01
CUST2326,57,Male,Rural,Low,10,41.56,99,322,0,366.64
CUST1426,47,Female,Urban,Medium,6,37.6,113,352,0,217.56
CUST2558,56,Female,Urban,Medium,3,45.7,2,1303,0,489.43
CUST2293,19,Female,Suburban,High,6,48.02,2,1078,0,850.94
CUST1590,48,Female,Urban,Low,3,78.09,160,1401,1,449.61
CUST2957,58,Female,Urban,Low,8,79.25,347,1846,0,3206.48
CUST2976,52,Male,Urban,Low,4,55.7,40,1987,0,1212.89
CUST2132,29,Male,Urban,Low,7,69.0,177,1442,1,954.09
CUST1985,55,Female,Urban,High,7,15.99,205,1950,1,298.99
CUST1398,49,Male,Suburban,High,6,75.88,77,1285,0,1602.84
CUST2511,19,Female,Suburban,Medium,4,14.36,272,1780,1,140.06
CUST1436,29,Female,Rural,Medium,3,63.74,107,957,0,501.36
CUST1192,61,Female,Suburban,Medium,2,10.0,57,1475,0,80.82
CUST2435,29,Female,Suburban,Low,4,39.16,76,658,0,282.38
CUST1614,46,Female,Suburban,Medium,4,60.62,113,221,0,146.82
CUST2493,60,Female,Suburban,Medium,5,39.32,193,260,1,70.02
CUST1576,33,Male,Urban,High,9,51.31,309,1750,0,2214.06
CUST1986,54,Female,Suburban,Medium,5,57.59,314,243,0,191.7
CUST2432,34,Female,Urban,Medium,10,26.33,178,1664,1,600.18
CUST1706,46,Male,Urban,Medium,3,25.9,107,1181,1,125.7
CUST2258,40,Female,Rural,Medium,4,53.14,279,37,0,21.55
CUST1141,32,Male,Urban,Medium,3,50.35,204,212,0,87.73
CUST2357,59,Female,Urban,High,4,39.64,185,635,1,137.93
CUST1002,32,Male,Urban,Low,5,57.19,31,1423,0,1114.81
CUST2221,46,Male,Rural,High,5,46.35,148,399,0,253.34
CUST2869,50,Male,Urban,Medium,5,52.21,257,47,0,33.61
CUST2622,32,Male,Suburban,Medium,0,51.44,114,481,1,0.0
CUST1339,52,Male,Urban,Medium,3,56.11,133,229,0,105.61
CUST2769,45,Male,Urban,Medium,6,52.47,184,1396,0,1204.08
CUST2536,18,Male,Urban,Medium,3,82.79,219,1139,1,387.53
CUST1483,49,Female,Rural,Medium,11,64.7,22,366,0,713.65
CUST1265,18,Female,Suburban,High,6,59.78,300,1958,0,1924.1
CUST1376,46,Male,Rural,Medium,4,68.8,77,1651,0,1244.81
CUST1741,22,Male,Suburban,Low,12,35.4,50,1797,1,1045.71
CUST2013,52,Male,Urban,Low,9,51.88,68,1998,0,2555.91
CUST1439,64,Female,Rural,Medium,4,46.63,173,1671,1,426.95
CUST1271,58,Male,Suburban,High,8,70.51,230,898,0,1387.79
CUST1184,56,Female,Urban,Medium,3,46.98,256,65,0,25.1
CUST1939,23,Female,Urban,Medium,5,63.47,330,971,0,844.24
CUST1244,49,Female,Suburban,Medium,5,44.73,65,593,0,363.35
CUST1931,43,Male,Suburban,Medium,4,28.58,131,1831,0,573.48
CUST1445,18,Male,Rural,Medium,6,56.68,319,1094,0,1019.31
CUST1596,28,Female,Suburban,Medium,4,45.64,341,1768,0,884.29
CUST1817,30,Male,Urban,Low,6,47.81,226,695,0,546.21
CUST2272,49,Male,Urban,Medium,5,58.04,30,1427,0,1134.56
CUST2676,35,Female,Suburban,Medium,4,87.12,47,696,0,664.5
CUST1486,62,Female,Suburban,Low,6,63.38,80,828,1,431.33
CUST1680,29,Female,Suburban,Medium,5,55.97,351,1236,0,947.66
CUST1415,21,Female,Rural,Medium,4,25.95,115,820,0,233.19
CUST1273,36,Male,Suburban,Low,6,59.26,58,1625,0,1582.97
CUST2471,26,Female,Urban,Medium,6,39.41,218,1270,0,822.75
CUST2829,38,Male,Suburban,High,4,63.99,247,250,1,87.66
CUST2454,58,Other,Urban,Medium,9,52.49,155,715,0,925.41
CUST1250,35,Male,Urban,Medium,9,60.13,205,473,0,701.3
CUST1413,22,Male,Suburban,Low,10,44.56,261,1907,0,2328.11
CUST2385,28,Male,Urban,Medium,8,39.42,98,778,0,672.19
CUST2307,55,Male,Rural,Medium,5,36.89,175,106,1,26.78
CUST1715,19,Female,Urban,Medium,6,22.94,301,1496,1,282.07
CUST1310,29,Male,Urban,High,5,21.31,47,244,1,35.61
CUST1926,36,Male,Suburban,Low,6,53.51,74,1561,1,686.54
CUST1381,41,Male,Urban,Medium,7,37.74,201,465,0,336.56
CUST2565,24,Female,Suburban,High,4,44.09,185,1341,0,647.94
CUST1425,59,Female,Suburban,Low,8,42.75,176,1282,0,1201.22
CUST2874,19,Male,Rural,Medium,4,62.71,113,1879,0,1291.31
CUST1532,46,Male,Suburban,High,0,24.24,254,1225,0,0.0
CUST1752,34,Male,Urban,Low,9,66.41,5,380,0,622.25
CUST1765,45,Female,Urban,Low,5,26.75,30,727,0,266.4
CUST2356,40,Female,Urban,Low,5,48.06,124,1140,0,750.53
CUST1408,54,Male,Urban,High,8,56.07,339,1668,0,2049.86
CUST2614,26,Female,Urban,High,3,75.25,220,1623,1,501.91
CUST1694,45,Male,Urban,Low,2,69.55,71,317,1,60.4
CUST2738,64,Male,Urban,Medium,5,55.26,364,1495,0,1131.69
CUST1548,40,Female,Urban,Medium,5,78.09,342,1985,1,1061.7
CUST1936,50,Male,Suburban,Medium,5,74.04,287,502,0,509.15
CUST2389,52,Other,Rural,Low,2,80.22,364,1519,1,333.85
CUST2607,46,Male,Urban,High,4,60.39,185,724,0,479.15
CUST2939,52,Male,Urban,High,7,74.05,133,271,1,192.43
CUST2481,59,Male,Rural,High,5,36.63,169,1948,0,977.47
CUST1182,58,Male,Urban,Medium,6,58.88,111,1644,1,795.61
CUST2940,46,Male,Rural,Low,8,46.7,25,1070,0,1095.21
CUST2160,18,Female,Suburban,High,5,51.51,195,937,1,330.58
CUST1170,61,Male,Urban,Low,8,32.14,73,362,0,255.01
CUST1292,63,Female,Suburban,Low,9,60.1,354,1460,0,2163.6
CUST1561,39,Female,Suburban,High,6,45.92,70,1875,1,707.67
CUST2456,43,Female,Urban,Low,7,38.16,130,1002,0,733.3
CUST2876,56,Female,Urban,High,6,43.91,37,1083,0,781.72
CUST2651,57,Female,Urban,Low,3,63.42,46,59,0,30.75
CUST1849,58,Female,Suburban,Medium,6,67.82,26,1059,0,1180.63
CUST1272,52,Male,Urban,Medium,5,26.45,26,1248,0,452.19
CUST2549,26,Female,Urban,High,10,10.0,76,653,1,89.45
CUST2034,47,Female,Suburban,Medium,1,61.19,236,217,0,36.38
CUST2743,43,Male,Urban,Medium,5,96.73,18,341,1,225.92
CUST1371,57,Male,Urban,Low,10,27.62,107,1601,0,1211.5
CUST2669,59,Female,Suburban,Medium,5,73.75,292,1725,0,1742.72
CUST1721,18,Female,Suburban,Medium,2,26.64,183,1447,0,211.22
CUST1733,51,Female,Rural,Low,8,67.15,158,1965,1,1446.02
CUST1777,47,Female,Rural,High,5,51.29,320,1276,0,896.52
CUST1518,40,Male,Rural,Medium,5,61.59,11,1490,0,1257.11
CUST1334,45,Female,Suburban,Medium,3,39.73,273,1299,0,424.19
CUST1845,38,Male,Rural,Low,4,31.35,65,50,0,17.18
CUST2251,49,Female,Urban,Medium,7,55.03,190,402,1,212.13
CUST2052,31,Male,Urban,Medium,6,55.16,125,1285,0,1165.16
CUST2923,62,Male,Suburban,Medium,6,45.33,192,928,0,691.5
CUST1015,20,Male,Suburban,Medium,5,51.93,37,289,0,205.59
CUST1707,30,Male,Urban,Low,9,57.39,228,115,1,81.37
CUST1900,56,Male,Urban,High,5,48.99,168,1097,0,736.19
CUST2979,53,Female,Rural,Low,6,57.11,74,726,0,681.56
CUST2572,27,Male,Urban,Low,5,51.82,347,632,0,448.63
CUST1903,39,Female,Urban,Medium,6,54.12,84,413,0,367.42
CUST1465,29,Female,Suburban,Medium,7,50.44,294,762,0,737.11
CUST2977,43,Male,Urban,Medium,2,66.68,168,1096,0,400.45
CUST1199,29,Female,Suburban,Medium,9,98.77,119,538,0,1310.26
CUST2206,37,Female,Urban,Medium,8,71.45,324,999,1,782.23
CUST2055,50,Male,Suburban,Medium,8,65.78,40,526,0,758.36
CUST2131,60,Male,Urban,High,5,51.43,38,1648,0,1161.05
CUST2379,53,Female,Rural,Low,5,32.13,243,1250,0,550.17
CUST1998,61,Male,Urban,Low,5,24.08,336,671,1,110.67
CUST1727,43,Female,Rural,Low,7,35.64,186,494,1,168.83
CUST2771,38,Female,Urban,Low,7,52.51,53,1985,1,999.49
CUST2909,58,Male,Rural,Medium,8,50.71,220,39,0,43.35
CUST2821,39,Male,Rural,High,5,99.48,51,633,0,862.61
CUST1567,36,Male,Urban,High,5,44.37,259,1635,1,496.88
CUST1043,21,Male,Urban,Medium,4,41.85,304,1733,0,794.81
CUST1274,33,Male,Suburban,Medium,8,50.95,265,1663,0,1857.09
CUST2096,30,Female,Suburban,Medium,3,84.12,190,1763,0,1218.93
CUST1101,41,Male,Rural,High,9,66.92,51,1243,0,2051.05
CUST2231,64,Male,Rural,Medium,4,54.86,277,1452,0,872.95
CUST2721,27,Male,Urban,High,5,62.34,215,362,0,309.14
CUST2832,35,Female,Urban,Low,4,38.48,81,969,0,408.63
CUST1107,50,Male,Suburban,Medium,3,74.01,351,1333,0,810.87
CUST2617,42,Female,Rural,Medium,3,55.04,293,886,1,200.41
CUST1497,29,Female,Suburban,Medium,6,52.34,225,298,0,256.39
CUST2980,47,Male,Urban,Low,3,26.67,50,594,0,130.21
CUST1881,62,Male,Rural,Medium,3,10.0,304,985,0,80.96
CUST1756,63,Male,Suburban,Medium,1,42.87,30,518,0,60.84
CUST1619,62,Male,Urban,High,6,13.14,220,156,1,16.85
CUST2106,46,Female,Urban,Medium,2,36.37,14,805,1,80.21
CUST2935,58,Female,Suburban,High,4,47.52,307,828,0,431.2
CUST1809,27,Female,Urban,Low,4,38.07,252,1121,0,467.69
CUST2037,54,Male,Suburban,Medium,5,41.44,160,1939,0,1100.71
CUST1072,53,Female,Rural,Medium,6,63.16,197,655,0,680.05
CUST2283,27,Female,Rural,Medium,4,56.45,330,1617,0,1000.32
CUST2271,31,Female,Rural,Medium,4,68.8,206,391,0,294.8
CUST2334,63,Female,Suburban,Low,6,71.19,309,1659,1,970.72
CUST2458,49,Female,Rural,Low,7,25.86,57,664,1,164.65
CUST1481,27,Male,Urban,Low,6,53.4,107,1106,0,970.86
CUST2068,23,Female,Rural,Low,2,43.56,124,1529,0,364.95
CUST1506,50,Female,Urban,Low,5,74.82,75,450,0,461.22
CUST2237,18,Female,Suburban,Medium,2,31.61,198,1866,0,323.2
CUST2861,49,Female,Suburban,Low,3,57.38,39,1649,0,777.7
CUST2989,55,Male,Urban,Medium,5,83.45,142,542,0,619.59
CUST2476,48,Female,Urban,Medium,0,75.59,218,1976,0,0.0
CUST2866,58,Male,Suburban,Medium,2,54.11,324,1268,1,187.98
CUST2455,62,Female,Suburban,Medium,8,59.09,173,1554,0,2012.62
CUST1311,39,Female,Urban,Medium,9,90.03,200,147,0,326.33
CUST1962,23,Male,Urban,Medium,4,90.95,166,363,0,361.81
CUST1405,23,Male,Urban,High,3,57.58,267,988,0,467.58
CUST2330,56,Female,Urban,Medium,7,64.93,239,486,0,605.18
CUST2649,36,Male,Suburban,Low,4,36.37,218,1674,0,667.22
CUST1309,50,Female,Suburban,Low,3,36.42,344,722,0,216.13
CUST1226,51,Female,Rural,Medium,6,51.08,326,380,0,319.08
CUST2857,37,Female,Suburban,Low,5,11.29,65,1693,0,261.84
CUST1710,23,Male,Rural,Medium,7,34.59,172,151,0,100.17
CUST2943,24,Female,Suburban,Low,6,40.46,19,152,0,101.09
CUST2383,28,Male,Suburban,High,6,10.0,168,520,1,42.74
CUST2785,42,Male,Rural,Medium,3,43.88,142,882,1,159.05
CUST1148,49,Female,Urban,Medium,4,71.79,96,1454,1,571.96
CUST2554,54,Male,Urban,Medium,3,25.39,38,1932,0,403.18
CUST2956,49,Male,Urban,High,9,28.02,170,1851,1,639.43
CUST1925,61,Female,Urban,Medium,4,55.94,318,649,0,397.86
CUST1942,47,Female,Rural,Low,6,45.87,212,1742,0,1313.52
CUST1836,46,Female,Suburban,Medium,5,45.61,340,60,0,37.49
CUST1575,64,Male,Urban,Medium,4,60.69,84,1046,0,695.69
CUST1557,47,Male,Urban,High,2,46.84,282,563,0,144.5
CUST2235,55,Female,Suburban,Medium,3,25.65,343,1451,0,305.9
CUST2360,44,Male,Urban,Medium,4,51.14,11,1331,1,372.97
CUST2347,53,Female,Urban,Medium,5,47.1,47,1031,1,332.6
CUST2161,63,Female,Suburban,Medium,2,60.81,256,744,0,247.9
CUST2442,34,Male,Rural,Medium,5,62.79,141,1999,0,1719.41
CUST1286,52,Female,Rural,Medium,5,35.45,243,1141,0,554.09
CUST2604,58,Female,Suburban,Medium,7,37.59,37,1232,0,888.15
CUST2057,32,Female,Rural,High,4,35.48,173,993,1,193.05
CUST1598,64,Male,Urban,High,5,28.49,286,515,0,200.99
CUST1932,51,Female,Urban,Medium,9,70.72,339,884,1,770.75
CUST2461,24,Male,Rural,Medium,13,27.97,363,734,0,731.2
CUST2637,49,Female,Rural,Low,5,22.29,186,413,0,126.11
CUST2587,52,Male,Urban,High,6,65.43,198,609,0,655.02
CUST2040,31,Male,Urban,High,4,50.09,101,523,0,287.09
CUST2230,31,Male,Suburban,Low,6,49.81,74,406,1,166.22
CUST1806,21,Male,Suburban,Medium,2,29.83,205,1256,1,102.65
CUST1904,43,Male,Urban,Medium,5,29.34,224,52,1,10.45
CUST2679,31,Male,Urban,Medium,3,77.56,43,822,0,524.01
CUST2204,24,Female,Urban,Medium,4,18.59,119,402,1,40.95
CUST1767,25,Male,Suburban,Medium,6,73.3,254,1522,0,1833.91
CUST1609,59,Male,Urban,Medium,3,56.12,320,694,0,320.11
CUST2992,64,Male,Urban,Medium,6,34.74,13,242,0,138.2
CUST2564,42,Female,Suburban,Low,3,56.36,336,1834,0,849.57
CUST2422,54,Female,Suburban,Medium,5,28.1,5,886,0,341.05
CUST2010,32,Female,Rural,Medium,7,87.3,76,507,1,424.42
CUST1493,49,Male,Rural,Medium,6,21.51,82,1230,0,434.91
CUST2320,40,Male,Urban,Low,3,49.46,222,170,0,69.11
CUST1277,41,Female,Urban,Medium,2,19.1,28,1920,0,200.94
CUST2846,39,Male,Suburban,Medium,2,76.69,290,880,0,369.79
CUST1358,57,Female,Urban,Low,6,17.18,30,283,0,79.92
CUST2110,62,Female,Urban,Low,4,65.01,64,1549,0,1103.57
CUST1236,20,Male,Suburban,Medium,2,12.82,213,1299,0,91.25
CUST1551,29,Female,Urban,Low,8,48.91,275,1726,0,1850.27
CUST2867,30,Female,Urban,Medium,7,39.24,326,56,0,42.14
CUST2812,47,Female,Rural,Medium,7,23.11,327,531,1,117.67
CUST1208,40,Male,Rural,High,10,31.9,284,1477,0,1290.86
CUST2386,53,Female,Rural,Medium,7,59.73,134,1027,0,1176.44
CUST2560,41,Male,Suburban,Medium,11,49.87,140,755,0,1134.71
CUST1058,34,Female,Urban,High,2,65.3,44,1163,1,208.07
CUST1631,61,Female,Urban,Medium,7,66.48,61,1184,1,754.78
CUST2961,19,Female,Suburban,High,6,46.77,127,1999,0,1536.88
CUST2859,27,Male,Suburban,High,4,18.9,164,885,0,183.3
CUST2816,61,Male,Urban,Low,6,74.53,273,982,0,1203.1
CUST1363,39,Male,Suburban,Medium,3,41.95,57,1219,0,420.3
CUST1505,18,Female,Urban,Low,4,58.41,223,460,0,294.45
CUST2165,63,Female,Suburban,Medium,7,100.95,132,1185,0,2294.19
CUST2121,28,Female,Urban,High,2,41.82,149,1516,0,347.39
CUST2629,54,Male,Rural,Low,4,56.81,322,1944,0,1210.29
CUST2216,47,Male,Suburban,Low,5,65.66,106,803,1,361.13
CUST2151,48,Male,Suburban,Low,6,10.0,16,421,0,69.21
CUST2124,55,Other,Rural,Medium,4,46.25,62,386,0,195.64
CUST2594,55,Male,Suburban,Low,5,59.93,131,1495,0,1227.33
CUST1118,50,Female,Urban,Medium,4,44.11,10,489,1,118.19
CUST2249,40,Female,Urban,Medium,5,63.62,21,728,0,634.46
CUST2993,31,Female,Urban,Low,1,68.36,157,1431,0,268.01
CUST1522,46,Female,Suburban,Medium,7,68.28,126,357,0,467.48
CUST1513,29,Male,Urban,Low,6,49.42,245,569,0,462.25
CUST1081,33,Female,Suburban,Medium,10,47.05,251,1522,0,1961.92
CUST1915,62,Male,Rural,Low,5,64.89,205,857,1,380.9
CUST2018,31,Male,Rural,High,4,64.62,343,578,0,409.32
CUST1380,42,Female,Urban,Low,5,66.8,129,438,0,400.8
CUST2029,25,Male,Urban,Medium,3,38.67,356,365,0,116.01
CUST2688,44,Female,Urban,High,6,31.0,37,790,0,402.58
CUST1084,64,Female,Urban,Low,4,43.42,350,901,0,428.73
CUST2677,53,Male,Rural,Medium,8,56.26,81,829,0,1022.24
CUST1329,36,Male,Urban,Medium,6,56.95,223,771,0,721.78
CUST1006,56,Female,Rural,High,4,69.81,316,555,0,424.6
CUST1745,20,Female,Rural,Medium,8,61.83,275,331,0,448.56
CUST2553,29,Female,Rural,Low,3,36.66,361,1708,0,514.65
CUST1914,58,Female,Urban,Medium,7,13.95,263,529,1,70.76
CUST1873,39,Male,Urban,Low,6,51.82,363,1776,0,1512.86
CUST1451,20,Female,Suburban,Medium,6,38.62,37,594,1,188.55
CUST1490,33,Other,Urban,Medium,5,43.22,341,1292,0,764.93
CUST2480,35,Female,Suburban,Low,5,32.04,182,865,1,189.83
CUST1287,42,Male,Suburban,High,3,23.81,151,902,0,176.52
CUST1948,20,Male,Urban,High,3,51.35,246,1651,0,696.81
CUST2985,31,Male,Suburban,Low,3,39.58,339,1923,1,312.79
CUST2368,24,Female,Urban,High,5,48.94,175,1904,0,1276.46
CUST2146,22,Female,Urban,Medium,8,33.19,187,521,0,379.0
CUST1705,45,Female,Suburban,Low,6,53.74,157,1667,0,1472.62
CUST2726,31,Male,Urban,Medium,4,65.08,9,1144,1,407.95
CUST2701,27,Male,Urban,Medium,10,17.4,53,619,1,147.54
CUST2628,23,Male,Urban,Medium,6,74.73,267,941,0,1155.96
CUST2599,21,Female,Urban,Medium,1,47.88,271,1179,0,154.66
CUST2538,20,Female,Urban,Low,3,66.09,6,1416,0,769.18
CUST2405,51,Female,Urban,Medium,3,94.82,4,463,0,360.84
CUST2650,33,Female,Rural,High,4,22.76,163,863,0,215.25
CUST1327,50,Male,Rural,High,3,54.37,329,1603,1,358.17
CUST1442,42,Male,Urban,Medium,2,43.86,210,1427,0,342.95
CUST1774,61,Female,Urban,Medium,2,68.76,221,301,1,56.7
CUST2087,50,Female,Suburban,Low,3,61.63,255,1759,0,891.02
CUST2220,47,Female,Rural,Medium,6,11.49,229,991,0,187.18
CUST2635,57,Male,Suburban,Low,6,50.83,159,905,1,378.09
CUST1177,56,Male,Rural,High,7,68.18,3,1479,0,1933.88
CUST2322,34,Female,Rural,Low,2,66.58,294,1368,1,249.54
CUST1704,30,Male,Urban,Medium,5,42.9,5,1226,1,360.24
CUST1086,43,Female,Suburban,Low,8,30.5,273,896,0,598.97
CUST2883,57,Female,Rural,Medium,4,42.19,187,367,0,169.68
CUST2947,48,Female,Suburban,Low,8,49.06,6,263,0,282.8
CUST1457,46,Male,Suburban,Medium,7,39.7,187,258,1,98.22
CUST2828,25,Male,Rural,Medium,8,42.1,154,1499,1,691.59
CUST1054,25,Male,Urban,High,5,64.06,320,1386,1,608.13
CUST2501,46,Male,Urban,Low,4,16.7,51,386,1,35.32
CUST1643,45,Female,Urban,High,5,59.54,4,292,0,238.16
CUST1677,33,Male,Urban,Medium,4,51.28,116,1577,1,443.12
CUST1221,28,Male,Rural,Medium,2,10.0,13,512,0,28.05
CUST1113,24,Female,Suburban,Low,10,59.53,342,1612,0,2629.11
CUST1982,18,Male,Urban,Medium,2,59.79,363,1886,0,617.88
CUST2228,35,Female,Suburban,Medium,7,34.5,193,1091,0,721.85
CUST1999,19,Male,Urban,Low,4,53.52,27,722,0,423.47
CUST1174,28,Female,Urban,Medium,7,29.13,67,733,1,204.75
CUST1781,32,Female,Rural,Low,8,62.53,200,681,1,466.66
CUST1589,31,Female,Suburban,High,9,14.66,115,989,0,357.5
CUST2559,63,Female,Urban,Medium,7,58.85,246,79,0,89.16
CUST1018,41,Female,Rural,Medium,5,85.39,250,1542,0,1803.72
CUST1423,33,Other,Suburban,Low,5,61.85,321,255,0,216.05
CUST2343,23,Male,Rural,Low,6,68.1,82,1219,0,1364.61
CUST1285,37,Male,Rural,Low,3,27.12,52,1961,1,218.56
CUST2583,26,Male,Urban,High,7,72.21,304,614,0,850.3
CUST1428,34,Male,Urban,Medium,5,41.03,309,841,0,472.69
CUST2509,59,Male,Suburban,Medium,4,47.06,19,940,1,242.39
CUST2318,47,Male,Urban,Medium,5,13.75,102,956,1,90.03
CUST1669,35,Male,Urban,Medium,6,66.46,187,1252,0,1367.8
CUST1031,45,Male,Rural,Low,7,76.9,359,484,1,356.9
CUST1940,23,Female,Rural,Medium,4,61.46,117,422,1,142.12
CUST1722,35,Male,Suburban,Low,5,38.37,156,1996,0,1049.13
CUST1994,27,Male,Rural,Medium,7,67.95,16,1605,0,2091.56
CUST1214,19,Male,Rural,High,10,63.06,103,1325,1,1144.58
CUST1813,22,Male,Urban,Low,8,63.1,357,553,0,764.81
CUST1326,64,Male,Urban,Low,1,52.84,126,1535,0,222.22
CUST1560,42,Female,Suburban,Low,6,68.75,333,1182,0,1335.82
CUST2112,44,Male,Urban,Low,3,28.07,154,254,0,58.6
CUST1700,34,Female,Rural,Medium,7,71.17,204,1962,0,2677.94
CUST2578,23,Male,Suburban,Medium,8,40.85,291,1377,0,1232.89
CUST2189,34,Male,Urban,Medium,2,60.37,17,1657,0,548.13
CUST1341,54,Female,Suburban,Medium,3,25.01,173,1553,0,319.24
CUST1629,48,Female,Rural,Low,4,54.19,9,983,0,583.77
CUST1147,56,Female,Urban,High,2,28.32,291,461,0,71.54
CUST2309,26,Male,Urban,Medium,4,20.83,76,736,0,168.01
CUST1360,41,Male,Urban,Medium,3,40.01,209,1235,1,203.06
CUST1083,35,Male,Urban,Medium,4,27.39,329,838,0,251.54
CUST1048,19,Other,Urban,Low,2,18.14,70,551,1,27.38
CUST1468,43,Male,Rural,Medium,5,43.43,114,301,1,89.54
CUST1155,32,Female,Rural,Medium,6,85.01,328,1665,1,1163.36
CUST1772,29,Male,Urban,Medium,5,10.0,287,1964,1,134.52
CUST2239,46,Female,Rural,Medium,5,56.18,139,1993,0,1533.79
CUST2200,39,Male,Urban,Medium,2,95.82,78,208,0,109.21
CUST2402,34,Other,Urban,Medium,4,96.29,325,680,0,717.56
CUST2202,45,Female,Rural,High,5,31.99,341,988,1,216.48
CUST2630,30,Male,Suburban,Low,7,56.75,269,1095,1,595.88
CUST1500,50,Male,Rural,Low,4,48.45,251,429,1,113.89
CUST2764,28,Female,Urban,Medium,7,36.46,126,1222,0,854.46
CUST1179,18,Female,Rural,Low,8,49.3,66,553,1,298.77
CUST2047,35,Male,Urban,Medium,8,26.14,123,398,0,228.03
CUST2755,46,Female,Rural,High,7,76.74,104,1554,0,2287.06
CUST1950,57,Female,Suburban,High,7,90.66,34,1130,1,982.36
CUST2316,34,Female,Urban,Medium,4,39.3,42,1885,0,811.84
CUST2619,28,Female,Urban,Low,6,104.55,189,981,0,1685.98
CUST1528,24,Female,Urban,Low,3,58.44,308,381,0,183.01
CUST1346,52,Female,Urban,High,7,59.67,204,1772,0,2027.8
CUST2387,56,Male,Urban,Medium,3,60.53,181,412,1,102.49
CUST2960,53,Female,Rural,Medium,2,38.25,315,1414,0,296.36
CUST2050,56,Other,Suburban,Medium,5,30.09,196,60,0,24.73
CUST2972,57,Female,Rural,Low,5,48.3,17,1403,0,928.29
CUST2441,38,Female,Rural,High,6,68.34,348,1976,1,1109.92
CUST1601,27,Male,Urban,High,4,58.72,82,1203,0,774.14
CUST2281,35,Female,Urban,High,8,33.12,334,1911,0,1387.23
CUST1243,37,Other,Suburban,Medium,3,46.46,345,1708,0,652.22
CUST2336,43,Female,Urban,Medium,5,74.73,26,794,1,406.41
CUST2067,56,Male,Urban,Medium,8,41.87,329,1414,1,648.81
CUST2475,35,Female,Suburban,Medium,6,33.24,260,1096,0,598.87
CUST1312,39,Female,Urban,Medium,7,47.04,51,256,0,230.95
CUST1435,26,Female,Suburban,Medium,5,63.47,103,714,1,310.39
CUST2898,37,Male,Rural,High,3,73.83,154,784,1,237.87
CUST2328,62,Male,Rural,Low,6,63.91,324,1289,0,1354.19
CUST1308,34,Female,Urban,Medium,2,36.01,178,1036,0,204.42
CUST1430,45,Female,Suburban,High,9,50.74,133,1970,0,2464.71
CUST1660,38,Female,Suburban,Low,4,63.74,245,156,0,108.97
CUST1370,34,Female,Suburban,High,3,58.68,93,1158,0,558.5
CUST1566,58,Male,Urban,Low,5,55.13,59,266,0,200.88
CUST1979,37,Female,Rural,Low,7,30.41,167,1830,0,1067.27
CUST1181,30,Male,Suburban,Medium,4,46.33,362,1019,0,517.37
CUST2362,23,Female,Rural,Medium,6,35.2,1,614,1,177.64
CUST1621,39,Male,Urban,High,4,60.37,220,756,0,500.16
CUST1818,60,Male,Urban,High,4,54.81,335,1096,0,658.32
CUST2192,41,Female,Rural,Low,4,27.24,246,185,0,55.23
CUST1952,53,Female,Suburban,Low,2,29.08,323,1244,0,198.22
CUST2421,20,Male,Urban,Medium,4,74.58,60,1818,0,1485.88
CUST2840,42,Male,Urban,High,5,60.28,48,923,1,381.09
CUST1922,64,Male,Urban,Medium,5,45.1,223,610,1,188.43
CUST2073,59,Male,Urban,Medium,5,40.18,128,1812,0,997.34
CUST1296,33,Male,Suburban,Low,6,61.19,205,1494,0,1502.76
CUST1966,32,Female,Urban,Medium,2,72.58,197,1979,0,787.05
CUST1461,64,Female,Rural,Medium,7,99.73,245,859,0,1642.95
CUST2302,40,Male,Rural,Low,7,50.76,145,1040,0,1012.42
CUST2176,43,Female,Rural,Medium,6,40.59,157,62,0,41.37
CUST1377,59,Male,Suburban,Low,1,54.44,217,1489,0,222.09
CUST1798,50,Female,Urban,Medium,5,58.9,221,708,0,571.25
CUST2102,32,Other,Urban,Medium,6,73.55,123,946,0,1143.75
CUST1105,52,Female,Urban,Low,4,55.47,61,1793,0,1089.95
CUST1126,44,Male,Suburban,Medium,3,21.52,86,779,1,68.89
CUST2995,42,Male,Suburban,Low,7,40.28,162,575,1,222.09
CUST1838,36,Male,Urban,Low,5,62.69,58,1728,1,741.97
CUST1355,59,Male,Urban,Low,4,99.23,198,841,0,914.55
CUST2616,57,Female,Urban,Medium,2,56.35,28,270,1,41.68
CUST1682,49,Male,Suburban,Medium,9,33.42,285,387,1,159.45
CUST1812,41,Male,Rural,High,7,62.79,31,140,0,168.59
CUST2680,30,Male,Rural,Low,3,72.1,146,605,1,179.26
CUST1209,54,Female,Rural,Low,2,15.4,181,353,0,29.79
CUST2492,54,Male,Rural,Medium,6,92.36,319,1445,0,2193.87
CUST1140,26,Male,Urban,Medium,4,49.97,101,435,1,119.11
CUST2974,32,Female,Rural,Low,3,41.28,140,1744,0,591.72
CUST2339,51,Female,Urban,Medium,7,45.39,181,539,1,234.6
CUST2797,46,Female,Suburban,Medium,2,49.77,303,371,1,50.59
CUST2574,51,Male,Suburban,High,6,53.62,271,1059,0,933.43
CUST2181,28,Male,Urban,Medium,8,67.49,330,1614,0,2387.48
CUST2393,39,Female,Urban,Medium,3,47.07,76,947,1,183.19
CUST2815,34,Male,Urban,Low,5,51.52,332,560,0,395.22
CUST1711,35,Male,Urban,Low,4,32.56,146,1304,0,465.3
CUST2793,25,Female,Urban,Medium,4,46.94,11,1954,0,1005.16
CUST1892,35,Other,Urban,Medium,5,37.89,5,1989,1,516.19
CUST1859,43,Female,Rural,Medium,4,33.71,164,1743,0,643.91
CUST1010,28,Female,Urban,High,6,62.39,356,701,0,718.94
CUST2694,41,Male,Urban,High,2,36.64,106,957,1,96.07
CUST2427,51,Female,Urban,High,2,101.27,225,151,1,41.9
CUST1282,53,Female,Suburban,Medium,7,38.51,272,925,0,683.16
CUST1810,34,Female,Rural,Low,6,57.57,211,160,0,151.42
CUST2341,54,Female,Suburban,High,2,90.07,163,1144,1,282.3
CUST1291,35,Female,Urban,Low,5,81.44,183,1591,0,1774.95
CUST1754,31,Female,Urban,Medium,4,73.84,256,1821,0,1473.56
CUST1626,21,Female,Urban,Medium,4,62.13,180,395,0,268.95
CUST1943,28,Male,Urban,Medium,5,79.34,259,545,0,592.33
CUST1861,39,Male,Rural,Low,6,33.4,209,1852,1,508.41
CUST1129,52,Female,Urban,Medium,12,25.32,63,482,0,401.24
CUST2175,27,Male,Rural,Low,4,45.55,254,949,0,473.72
CUST1323,47,Female,Suburban,Medium,5,31.25,274,518,0,221.75
CUST2090,19,Male,Urban,Low,2,65.61,210,1127,0,405.16
CUST1843,59,Male,Suburban,Medium,5,35.84,111,597,1,146.55
CUST1963,47,Female,Urban,High,6,42.87,296,512,1,180.41
CUST2864,50,Female,Urban,High,3,89.32,360,1850,0,1358.15
CUST1865,34,Female,Suburban,Low,4,28.08,36,1879,0,578.22
CUST1921,51,Male,Urban,Low,6,35.9,222,380,0,224.25
CUST1695,45,Male,Urban,Medium,1,46.92,195,1115,0,143.33
CUST1215,61,Female,Urban,Medium,6,66.78,201,723,0,793.68
CUST2780,18,Female,Rural,Low,5,69.74,331,384,0,366.85
CUST2261,54,Male,Suburban,Medium,2,35.65,292,1713,0,334.62
CUST1158,53,Female,Urban,Medium,4,32.12,129,366,0,128.83
CUST2058,50,Other,Urban,High,7,45.27,173,1228,0,1066.14
CUST1988,53,Male,Urban,Low,5,47.92,171,787,0,516.62
CUST1841,35,Male,Urban,Medium,7,55.52,111,1124,0,1196.8
CUST1634,27,Male,Rural,Medium,5,67.94,148,806,1,375.07
CUST1516,19,Female,Suburban,High,5,74.49,334,963,0,982.66
CUST2428,29,Female,Suburban,Medium,10,72.56,182,101,0,200.78
CUST2747,46,Male,Urban,Medium,2,28.88,305,1727,0,273.29
CUST1597,35,Male,Urban,Medium,10,67.23,110,123,0,226.56
CUST1195,49,Male,Urban,Medium,4,25.78,338,1058,0,298.91
CUST2783,51,Male,Urban,Medium,7,83.62,27,229,1,183.62
CUST1869,25,Female,Urban,Medium,4,40.02,275,1512,0,663.13
CUST1410,25,Male,Urban,Medium,5,44.29,67,695,0,421.67
CUST1096,26,Female,Rural,Low,3,62.23,361,1093,1,279.52
CUST2000,30,Male,Urban,Low,5,56.21,111,1020,1,392.7
CUST2505,35,Female,Urban,High,7,33.54,72,1059,0,681.18
CUST1156,60,Male,Urban,Medium,7,18.63,110,1753,0,626.33
CUST1419,47,Male,Suburban,Medium,4,73.28,70,1016,0,815.92
CUST2802,24,Female,Rural,Medium,4,34.43,160,1692,0,638.42
CUST1477,22,Other,Suburban,High,1,39.7,91,1853,0,201.55
CUST2855,39,Male,Rural,Low,5,60.1,113,1254,0,1032.4
CUST1668,37,Female,Suburban,Low,6,55.02,148,1314,0,1188.43
CUST2417,59,Male,Rural,Low,10,49.0,189,552,0,741.04
CUST2871,43,Female,Suburban,High,4,38.19,98,1190,0,498.04
CUST2299,59,Female,Urban,Low,4,72.31,128,250,1,99.05
CUST1447,56,Male,Rural,Low,6,43.59,172,1401,0,1003.88
CUST1553,40,Female,Urban,Low,3,37.5,339,412,0,126.99
CUST1178,50,Female,Urban,High,2,67.89,226,1282,0,476.9
CUST1390,33,Male,Urban,Low,5,80.0,355,1652,1,905.21
CUST1578,52,Female,Urban,Low,5,68.59,234,1794,1,842.81
CUST2477,47,Male,Suburban,High,5,90.18,308,781,0,964.8
CUST2706,32,Female,Urban,Medium,6,62.72,51,1581,0,1630.03
CUST2287,38,Male,Urban,Medium,2,35.93,254,1472,0,289.8
CUST2644,30,Male,Urban,Medium,7,35.78,362,988,1,338.98
CUST2023,52,Male,Urban,High,4,44.26,241,1444,1,350.2
CUST1820,28,Female,Urban,Low,2,81.49,67,1770,0,790.34
CUST2824,25,Female,Urban,Low,4,29.37,116,1974,0,635.36
CUST1984,31,Male,Suburban,Low,7,86.3,306,1763,0,2917.89
CUST2338,62,Female,Urban,Medium,3,57.65,140,205,0,97.14
CUST1664,54,Male,Urban,Medium,2,28.46,346,1682,0,262.3
CUST1142,32,Male,Rural,Low,4,12.24,8,1159,0,155.46
CUST2516,30,Male,Urban,Low,3,28.41,284,1887,1,220.31
CUST2429,36,Male,Urban,Low,3,33.66,297,1108,0,306.54
CUST1864,60,Female,Urban,Medium,4,55.75,344,1708,1,521.76
CUST1421,52,Male,Urban,Low,8,32.28,203,809,1,286.19
CUST1636,36,Male,Urban,Medium,1,15.07,215,737,1,15.21
CUST2406,26,Male,Rural,High,7,58.4,37,733,0,820.96
CUST1799,41,Male,Urban,Medium,0,68.59,355,1730,0,0.0
CUST2403,62,Female,Urban,Low,4,45.6,330,849,0,424.27
CUST1615,54,Male,Suburban,Low,2,29.97,328,1798,0,295.27
CUST1294,19,Male,Urban,Low,5,52.77,154,1342,1,485.05
CUST1923,25,Male,Suburban,Low,3,63.07,269,143,0,74.13
CUST2268,52,Male,Suburban,High,3,56.03,19,284,0,130.79
CUST2902,37,Male,Urban,High,4,52.49,280,286,0,164.52
CUST1088,62,Female,Rural,Low,12,72.5,204,1209,0,2881.73
CUST1041,56,Female,Suburban,Medium,6,27.56,356,1802,0,816.38
CUST2801,63,Male,Urban,Low,3,59.04,242,706,0,342.59
CUST2933,54,Male,Rural,Low,3,18.8,141,1382,0,213.55
CUST1131,64,Female,Urban,Medium,4,68.36,158,1930,0,1445.86
CUST2001,57,Female,Suburban,Medium,6,80.24,233,951,1,627.19
CUST2157,39,Male,Rural,Low,3,57.16,61,1150,1,270.14
CUST2094,50,Male,Suburban,Medium,7,52.28,106,1848,0,1852.86
CUST2854,33,Male,Urban,Medium,4,58.29,259,238,0,152.03
CUST2344,35,Male,Urban,Medium,6,64.52,155,631,0,669.24
CUST2498,56,Male,Suburban,Medium,6,58.52,358,1224,1,588.73
CUST1164,19,Male,Rural,Medium,7,70.44,349,1437,0,1941.25
CUST1724,64,Male,Suburban,Low,2,86.47,90,1905,0,902.6
CUST1290,46,Female,Urban,High,2,30.47,80,365,0,60.94
CUST2208,37,Male,Rural,Low,6,79.13,355,1477,0,1921.23
CUST2588,35,Female,Suburban,Medium,4,68.94,287,845,0,638.4
CUST2896,25,Male,Urban,Medium,6,63.61,191,1562,0,1633.3
CUST2641,51,Male,Urban,Medium,7,45.29,42,1341,0,1164.76
CUST2361,48,Female,Suburban,Medium,8,31.48,218,1292,0,891.44
CUST1778,34,Male,Rural,Medium,7,62.66,19,1543,1,927.11
CUST1839,38,Male,Suburban,Medium,3,55.11,306,1397,0,632.78
CUST1348,38,Male,Suburban,Low,3,52.67,61,126,1,27.27
CUST2944,29,Female,Rural,High,7,64.08,35,1364,1,838.13
CUST1571,45,Male,Rural,Medium,3,40.85,357,604,0,202.8
CUST1917,64,Female,Rural,Medium,10,20.89,51,218,1,62.38
CUST1976,36,Female,Urban,High,6,45.56,119,85,0,63.66
CUST2913,35,Female,Urban,Medium,5,43.91,183,1205,1,362.41
CUST2468,31,Female,Rural,Medium,3,42.01,127,1560,0,538.65
CUST2591,20,Female,Rural,Medium,3,44.02,132,1506,0,544.88
CUST2317,27,Male,Urban,Medium,5,24.18,134,417,0,138.12
CUST2844,25,Female,Rural,Low,7,76.32,110,67,1,49.03
CUST1136,43,Male,Suburban,High,7,52.44,357,1203,1,604.93
CUST1458,31,Female,Urban,Low,6,31.18,166,1683,0,862.62
CUST1375,56,Male,Suburban,Medium,5,65.06,46,955,0,851.13
CUST2342,28,Male,Urban,Medium,10,34.96,71,734,0,703.03
CUST1333,61,Male,Urban,Low,4,70.87,96,1381,0,1072.56
CUST2159,40,Female,Suburban,Medium,2,56.28,317,542,1,83.57
CUST2760,64,Male,Urban,Medium,2,35.01,37,1825,0,350.1
CUST2457,64,Female,Urban,Medium,5,35.35,79,1098,1,265.85
CUST1816,19,Male,Suburban,High,5,68.47,67,860,0,806.63
CUST2114,53,Female,Suburban,Medium,4,38.82,271,93,0,39.56
CUST2005,54,Male,Urban,Medium,2,10.0,326,1519,0,83.23
CUST2856,45,Female,Urban,Medium,6,44.11,227,166,0,120.37
CUST2954,37,Male,Suburban,High,8,35.74,282,756,0,592.21
CUST2850,29,Male,Suburban,Low,7,85.52,306,1395,0,2287.95
CUST1910,42,Male,Suburban,Medium,3,38.86,141,1470,0,469.51
CUST2929,23,Male,Suburban,Low,6,18.59,204,1269,1,193.9
CUST2125,23,Male,Urban,Low,5,37.72,262,122,0,63.04
CUST1328,22,Female,Urban,Low,2,36.83,52,1333,0,269.01
CUST2247,51,Male,Suburban,Medium,7,29.64,355,1266,0,719.64
CUST1318,25,Male,Suburban,Low,3,66.62,248,1685,0,922.64
CUST2689,58,Male,Urban,Medium,8,36.61,97,1348,1,540.82
CUST2358,39,Female,Suburban,Medium,5,60.05,290,1105,0,908.98
CUST2732,29,Male,Urban,Medium,1,64.15,21,1455,0,255.72
CUST1167,23,Male,Rural,Low,4,60.17,151,1736,0,1144.71
CUST1012,53,Male,Suburban,Medium,5,31.86,119,1720,0,750.67
CUST2926,49,Female,Urban,Medium,6,38.64,70,1654,0,1050.58
CUST1171,61,Female,Urban,Medium,8,57.56,286,1073,0,1353.69
CUST1649,30,Female,Urban,Medium,5,45.63,183,896,0,560.06
CUST2061,50,Male,Suburban,Low,3,24.98,358,1418,0,291.14
CUST1260,52,Male,Suburban,Low,9,89.99,42,463,1,513.68
CUST2366,29,Male,Urban,Medium,5,25.78,53,609,0,215.07
CUST2548,32,Female,Urban,Medium,6,66.32,64,882,0,961.55
CUST1901,34,Male,Suburban,Medium,6,51.09,264,1509,0,1267.31
CUST1672,31,Male,Urban,Medium,5,66.55,233,415,1,189.17
CUST1258,47,Female,Suburban,Medium,5,30.86,203,1372,1,290.0
CUST1844,39,Female,Urban,Low,5,76.98,152,1152,0,1214.81
CUST1867,53,Male,Urban,Low,3,44.42,34,1987,0,725.45
CUST2799,32,Male,Suburban,Medium,4,69.09,67,417,0,315.73
CUST1138,56,Female,Urban,Medium,4,66.2,362,1961,0,1422.67
CUST1893,55,Male,Urban,High,5,59.84,37,1405,0,1151.72
CUST2837,49,Female,Urban,Low,3,75.52,314,870,0,540.02
CUST1549,49,Male,Urban,Low,5,61.68,48,1506,0,1272.47
CUST1319,44,Female,Suburban,High,7,14.1,356,1490,0,402.91
CUST2526,61,Male,Suburban,Low,10,41.84,168,1640,1,939.97
CUST2805,61,Male,Urban,Medium,5,52.03,273,440,0,313.61
CUST2177,58,Female,Rural,Low,6,45.02,177,928,1,343.39
CUST1558,34,Female,Suburban,Medium,6,10.0,138,1286,0,211.4
CUST1139,44,Male,Urban,Low,6,77.29,224,176,0,223.61
CUST2734,46,Female,Rural,Medium,6,45.57,33,349,0,261.43
CUST1531,28,Female,Rural,High,9,61.72,75,1890,0,2876.32
CUST1224,41,Male,Urban,Low,5,43.16,21,656,0,387.85
CUST1723,49,Female,Urban,Low,10,10.0,137,48,0,13.15
CUST1786,28,Male,Urban,Low,4,45.52,346,650,0,324.25
CUST2717,34,Female,Urban,Medium,7,86.45,48,1723,1,1428.32
CUST2007,34,Male,Rural,Low,5,26.49,48,88,1,15.97
CUST1409,50,Female,Suburban,Low,8,70.8,140,1934,0,3001.14
CUST1325,45,Female,Suburban,High,2,46.18,58,608,0,153.85
CUST2765,44,Female,Suburban,Medium,3,80.9,9,340,1,113.04
CUST1299,50,Male,Urban,Low,4,62.78,288,1767,0,1215.7
CUST2262,20,Female,Rural,Medium,3,55.6,311,1603,0,732.55
CUST2945,47,Male,Urban,Medium,3,45.31,363,140,0,52.14
CUST1025,29,Female,Suburban,High,5,43.14,113,158,1,46.69
CUST2858,50,Other,Suburban,Medium,4,39.13,163,594,1,127.36
CUST1714,42,Male,Urban,High,5,45.79,353,712,0,446.61
CUST2009,28,Female,Rural,Medium,7,76.0,210,1591,0,2318.94
CUST1193,41,Male,Suburban,High,6,66.94,294,109,0,119.94
CUST1440,51,Male,Suburban,Medium,2,61.85,333,1648,0,558.51
CUST1573,48,Female,Urban,Low,7,21.68,165,1294,0,538.02
CUST1946,41,Female,Urban,Medium,4,52.43,341,1405,0,807.28
CUST1997,27,Female,Urban,High,6,10.0,346,463,1,38.05
CUST1503,29,Male,Rural,Medium,3,68.81,272,951,0,537.85
CUST1605,24,Male,Urban,Medium,6,53.43,99,400,1,175.66
CUST2716,44,Female,Urban,High,3,74.75,11,668,0,410.41
CUST2163,38,Male,Urban,Medium,3,57.59,271,1693,0,801.37
CUST2786,41,Male,Urban,Low,7,43.08,41,165,1,68.16
CUST1846,23,Female,Urban,High,2,33.61,106,1950,0,359.12
CUST1003,60,Female,Urban,Low,5,51.11,282,647,0,452.99
CUST2286,40,Female,Urban,High,2,49.56,218,166,0,45.08
CUST2222,62,Male,Rural,Low,4,44.22,354,626,0,303.36
CUST1467,43,Female,Rural,Low,5,32.38,273,874,0,387.67
CUST1321,51,Female,Urban,Low,4,84.76,1,1175,0,1091.43
CUST1005,38,Female,Rural,Medium,4,74.75,66,894,0,732.35
CUST1222,34,Male,Urban,Medium,5,20.3,42,1647,0,458.0
CUST2374,45,Male,Suburban,High,8,28.59,59,1827,0,1144.85
CUST1547,41,Female,Urban,Low,2,46.42,293,329,1,41.84
CUST1228,39,Female,Suburban,High,4,37.14,145,1852,0,753.79
CUST1039,38,Male,Urban,Medium,4,28.48,105,994,0,310.24
CUST1542,52,Male,Suburban,High,3,61.52,284,1482,0,749.36
CUST1242,36,Male,Suburban,Low,1,49.94,22,1615,0,220.97
CUST1898,45,Male,Urban,High,7,21.39,106,897,0,367.97
CUST2133,43,Other,Suburban,Low,4,36.4,321,1664,0,663.78
CUST2448,42,Male,Urban,High,4,51.48,269,1148,1,323.83
CUST2868,47,Female,Rural,Low,7,75.8,75,1711,0,2487.28
CUST1842,45,Male,Rural,High,9,42.24,163,336,0,349.96
CUST2418,42,Male,Suburban,Low,4,63.05,209,680,1,234.93
CUST2653,50,Other,Urban,Medium,3,29.52,105,52,0,12.62
CUST2969,20,Female,Suburban,Medium,5,43.16,97,36,0,21.28
CUST1661,33,Female,Rural,Low,1,27.39,277,164,0,12.31
CUST2210,45,Male,Suburban,Low,7,39.03,179,393,0,294.17
CUST1314,47,Male,Urban,Medium,7,59.5,270,473,0,539.74
CUST1691,53,Male,Rural,Medium,3,56.29,284,111,0,51.35
CUST2503,42,Male,Urban,High,4,43.66,54,1095,0,523.92
CUST1424,30,Other,Urban,Low,9,58.15,80,1387,0,1988.73
CUST1594,46,Female,Suburban,High,7,86.49,73,1041,0,1726.72
CUST2963,51,Male,Suburban,Medium,5,32.7,21,366,1,81.97
CUST1622,34,Female,Rural,Low,3,64.31,319,1060,0,560.29
CUST2170,32,Female,Urban,Medium,6,25.33,248,505,1,105.14
CUST2043,42,Female,Rural,Medium,4,54.4,343,550,1,163.95
CUST1227,23,Male,Suburban,High,5,33.2,221,678,0,308.35
CUST2117,60,Female,Urban,Low,7,76.95,284,990,0,1461.0
CUST2331,26,Male,Urban,Medium,6,41.94,320,921,0,634.96
CUST2315,41,Male,Urban,Medium,8,17.9,284,619,1,121.43
CUST1066,46,Female,Urban,Low,6,44.36,251,1702,0,1241.11
CUST1024,50,Female,Rural,Medium,9,44.14,363,1292,0,1406.19
CUST1144,59,Female,Urban,Low,5,22.75,208,667,1,103.93
CUST1536,53,Male,Urban,High,4,49.25,86,810,1,218.59
CUST1811,37,Female,Urban,Low,6,55.56,343,1930,0,1762.7
CUST2466,39,Other,Suburban,Medium,2,68.23,294,1102,1,206.0
CUST1085,41,Male,Urban,Medium,5,58.05,258,1264,0,1005.14
CUST2660,53,Male,Suburban,Medium,6,64.0,47,443,1,233.03
CUST2645,62,Male,Urban,Low,6,30.07,294,1086,0,536.81
CUST2804,46,Female,Urban,Medium,2,68.56,124,1475,0,554.12
CUST2817,37,Male,Urban,Medium,4,34.26,334,816,0,306.37
CUST2576,58,Female,Suburban,Medium,4,59.74,239,441,0,288.72
CUST2144,53,Male,Rural,High,4,61.14,320,913,0,611.74
CUST1362,64,Other,Rural,Medium,7,45.25,329,1017,0,882.56
CUST2611,51,Female,Urban,Medium,4,42.5,211,1281,0,596.63
CUST2865,50,Male,Suburban,Low,4,72.93,269,65,1,25.98
CUST2026,57,Female,Urban,Low,6,23.19,292,691,1,131.71
CUST2030,28,Male,Suburban,Low,8,45.01,86,254,0,250.58
CUST2303,29,Female,Urban,Medium,4,22.3,57,372,1,45.46
CUST2355,29,Female,Urban,Medium,7,47.36,104,1574,0,1429.62
CUST2730,53,Female,Suburban,Low,6,86.64,20,190,1,135.3
CUST1665,53,Female,Suburban,High,6,31.51,335,421,0,218.07
CUST1364,40,Male,Urban,Low,6,45.38,320,33,0,24.62
CUST1077,31,Female,Suburban,High,9,35.59,155,911,0,799.46
CUST1027,61,Male,Urban,High,3,27.41,89,344,1,38.75
CUST2436,33,Female,Urban,Medium,5,52.39,46,55,0,39.47
CUST1525,43,Female,Suburban,Medium,2,50.37,309,75,1,10.35
CUST2834,64,Female,Urban,Medium,9,24.75,72,1291,0,787.86
CUST1055,64,Male,Suburban,Low,6,29.49,66,1413,1,342.49
CUST1638,20,Female,Urban,High,5,32.78,182,502,0,225.42
CUST1302,31,Female,Urban,Medium,5,83.18,278,666,0,758.88
CUST1718,62,Female,Rural,Medium,2,33.64,37,1865,0,343.77
CUST1624,42,Male,Suburban,Low,6,57.44,193,1169,0,1103.79
CUST1007,36,Male,Suburban,Low,4,80.77,63,1645,0,1456.07
CUST1803,34,Male,Suburban,Medium,1,36.47,92,778,0,77.74
CUST2049,25,Male,Urban,Low,4,30.91,343,775,1,131.26
CUST1336,46,Female,Urban,Low,4,62.95,61,1679,0,1158.28
CUST1047,43,Male,Urban,Medium,6,35.6,305,1560,0,912.92
CUST2763,39,Male,Rural,Low,6,30.72,43,1151,0,581.24
CUST1106,52,Female,Suburban,Low,4,55.21,347,1952,0,1181.04
CUST1349,49,Male,Urban,Low,5,42.47,190,100,0,58.18
CUST2079,56,Female,Suburban,High,6,72.14,32,561,0,665.27
CUST1238,53,Other,Urban,Medium,6,26.14,180,823,1,176.82
CUST1213,36,Female,Suburban,High,6,18.05,290,533,0,158.15
CUST2775,37,Male,Suburban,Medium,8,50.76,21,1826,0,2031.51
CUST2138,50,Male,Urban,Medium,7,46.53,70,1431,0,1276.96
CUST1793,47,Female,Urban,Low,3,48.02,357,380,0,149.98
CUST2586,59,Female,Suburban,High,3,32.02,157,529,1,69.61
CUST2582,40,Female,Urban,High,7,67.75,77,815,1,529.47
CUST2671,49,Female,Urban,Medium,1,68.32,139,936,0,175.2
CUST1523,43,Female,Urban,Low,4,49.45,211,841,1,227.88
CUST1232,26,Male,Urban,Medium,6,10.58,106,1863,1,162.0
CUST1644,25,Female,Suburban,Medium,5,27.73,266,1920,0,729.34
CUST2507,33,Male,Urban,High,1,50.97,186,1223,0,170.78
CUST1533,53,Male,Suburban,Low,2,64.03,151,263,0,92.27
CUST2941,32,Female,Rural,Medium,3,52.23,337,1742,1,373.91
CUST1603,34,Female,Urban,Medium,2,38.1,294,1865,0,389.35
CUST2329,42,Male,Suburban,Medium,7,47.17,159,744,0,673.04
CUST2074,32,Female,Urban,Medium,3,47.07,20,1014,0,392.29
CUST2304,37,Female,Rural,Medium,2,85.15,70,622,0,290.21
CUST1060,57,Male,Suburban,Medium,9,76.88,236,1808,0,3427.37
CUST2263,50,Other,Rural,Low,3,42.19,16,1188,0,411.96
CUST1092,62,Female,Urban,Medium,1,46.54,78,351,1,22.38
CUST1666,52,Female,Suburban,Medium,2,50.37,237,37,1,5.11
CUST1280,28,Female,Suburban,Medium,9,40.25,94,1684,0,1671.31
CUST2113,48,Female,Urban,Medium,3,63.91,253,1439,0,755.89
CUST1359,63,Female,Urban,Medium,5,28.87,154,1824,0,721.35
CUST2128,64,Male,Urban,Medium,8,51.71,336,1779,0,2016.26
CUST2169,57,Male,Urban,Medium,4,58.49,235,288,0,184.6
CUST1847,18,Male,Rural,Low,6,10.0,216,1673,1,137.51
CUST2521,52,Female,Urban,High,3,68.38,360,953,0,535.61
CUST1110,56,Female,Rural,Medium,6,80.13,103,77,0,101.42
CUST1042,35,Female,Urban,Medium,6,10.0,26,1787,0,293.75
CUST1125,39,Female,Suburban,Low,1,49.24,84,1816,0,244.99
CUST1204,34,Male,Urban,High,4,92.78,148,1590,0,1616.66
CUST1052,24,Male,Suburban,Low,4,42.71,19,745,1,174.35
CUST1545,56,Male,Rural,Medium,2,72.48,113,1260,0,500.41
CUST1068,43,Male,Suburban,High,7,42.2,22,1653,1,668.9
CUST2740,49,Male,Urban,Medium,5,39.51,92,1052,0,569.38
CUST2547,63,Male,Rural,Low,4,50.85,133,1658,1,461.97
CUST1183,20,Female,Urban,Medium,5,72.39,296,404,0,400.62
CUST1137,31,Female,Suburban,Medium,3,65.73,205,1246,0,673.15
CUST1899,27,Female,Suburban,Medium,4,40.19,99,120,0,52.85
CUST1796,51,Male,Urban,High,3,82.06,292,284,0,191.55
CUST1132,31,Female,Urban,Low,3,99.79,185,843,0,691.42
CUST1080,38,Female,Suburban,Medium,3,15.82,52,973,1,63.26
CUST2986,19,Female,Urban,High,3,51.9,104,1960,0,836.09
CUST2540,31,Female,Suburban,High,6,42.27,161,1621,0,1126.35
CUST1541,52,Male,Urban,Medium,7,23.07,3,1853,0,819.84
CUST2668,40,Male,Urban,Low,7,58.62,12,243,0,273.19
CUST1983,43,Male,Rural,Medium,7,48.65,238,1161,0,1083.23
CUST1165,59,Male,Urban,Medium,1,49.44,356,1533,0,207.65
CUST1248,57,Male,Urban,Medium,2,55.31,16,520,0,157.6
CUST1446,33,Female,Urban,Medium,2,34.44,225,746,0,140.78
CUST2514,51,Female,Urban,Medium,12,60.68,16,568,0,1133.14
CUST1858,26,Female,Urban,Medium,7,33.59,111,782,1,251.88
CUST2211,57,Male,Suburban,Medium,3,61.87,208,1943,0,988.06
CUST1097,41,Female,Suburban,High,5,32.51,266,1807,0,804.73
CUST2973,38,Female,Urban,High,6,60.07,138,670,0,661.59
CUST1737,38,Other,Urban,Low,10,46.9,167,728,0,935.43
CUST2255,18,Male,Urban,Medium,4,62.45,128,805,0,550.93
CUST1102,28,Female,Suburban,High,6,52.87,330,775,1,336.77
CUST1434,40,Female,Urban,Low,4,76.42,225,296,0,247.89
CUST1074,48,Male,Rural,Low,5,42.48,79,1812,1,527.22
CUST2791,33,Female,Rural,Medium,1,71.45,122,1720,0,336.7
CUST2234,47,Female,Urban,Medium,5,22.27,23,129,0,39.35
CUST1918,53,Male,Urban,Medium,2,32.56,175,1901,0,339.16
CUST2711,21,Male,Urban,Medium,9,43.22,46,1901,0,2025.89
CUST2670,27,Female,Rural,High,2,86.71,29,949,0,450.89
CUST2620,51,Female,Urban,Medium,5,78.62,75,1728,1,930.52
CUST1762,57,Female,Rural,Medium,6,55.88,323,475,0,436.32
CUST1989,30,Female,Suburban,High,3,55.0,167,1450,0,655.48
CUST1388,25,Female,Suburban,Low,6,44.54,73,1116,1,408.55
CUST1235,46,Male,Urban,High,1,28.74,128,753,0,59.29
CUST2506,50,Male,Urban,Low,4,67.37,168,358,0,264.31
CUST1267,22,Female,Suburban,Low,2,25.67,158,845,0,118.86
CUST2187,51,Male,Rural,Medium,9,36.06,345,1845,1,820.24
CUST1117,51,Female,Suburban,Low,5,48.25,228,1554,0,1027.13
CUST2606,45,Male,Rural,Low,4,53.44,12,1549,0,907.16
CUST1673,32,Female,Urban,Medium,7,47.9,215,501,1,230.12
CUST1249,56,Female,Urban,Medium,3,44.95,272,1046,1,193.22
CUST2452,32,Female,Suburban,Medium,3,41.9,351,1122,0,386.4
CUST2994,56,Female,Urban,Low,2,62.73,174,1842,1,316.57
CUST1094,42,Female,Urban,Medium,8,43.49,51,603,0,574.78
CUST1033,32,Male,Rural,Low,12,52.48,318,928,0,1601.14
CUST2463,40,Male,Suburban,Medium,5,37.31,134,881,0,450.28
CUST2667,48,Female,Urban,Medium,4,60.63,268,680,0,451.82
CUST1448,22,Male,Suburban,Medium,3,40.61,323,1614,0,538.72
CUST1716,27,Male,Suburban,Medium,2,47.55,16,301,1,39.21
CUST2809,63,Female,Suburban,High,7,45.06,167,587,0,507.26
CUST2517,30,Male,Suburban,High,5,34.1,190,1560,0,728.71
CUST1000,56,Female,Urban,Medium,7,76.85,211,298,0,439.2
CUST2375,63,Female,Suburban,Low,4,55.67,106,866,0,528.33
CUST2101,41,Male,Urban,Medium,5,47.59,258,1089,0,709.94
CUST2108,21,Male,Urban,Low,6,70.14,27,1163,0,1340.92
CUST2226,57,Female,Urban,High,9,36.76,82,1167,1,528.89
CUST1082,62,Male,Rural,Medium,3,49.25,147,423,1,85.61
CUST2288,36,Female,Suburban,Medium,5,36.01,59,224,0,110.5
CUST1676,20,Female,Urban,High,5,10.0,324,1293,1,88.56
CUST2920,36,Male,Suburban,Medium,7,50.44,6,620,1,299.88
CUST2046,42,Male,Urban,Medium,3,56.47,43,1964,0,911.57
CUST1770,51,Female,Rural,Medium,3,74.4,342,960,0,587.05
CUST2946,38,Female,Urban,Medium,8,66.53,310,1309,0,1908.77
CUST2280,48,Female,Urban,Medium,5,38.54,72,765,1,201.94
CUST2580,22,Male,Urban,Medium,4,61.5,280,1335,1,449.88
CUST2488,61,Male,Suburban,Low,4,71.2,7,1245,0,971.44
CUST1404,59,Male,Suburban,Medium,4,16.33,313,1472,0,263.43
CUST2727,64,Other,Urban,Medium,3,10.0,212,1919,1,78.86
CUST2298,28,Female,Rural,Low,4,43.64,257,891,1,213.06
CUST2340,40,Female,Urban,High,9,32.05,21,1668,0,1318.18
CUST1104,25,Female,Suburban,High,5,16.0,254,1177,0,257.97
CUST1688,45,Female,Rural,High,4,22.57,72,1823,1,225.45
CUST2305,22,Female,Suburban,Medium,5,41.85,44,1258,1,360.6
CUST1826,33,Male,Urban,Medium,12,11.64,212,1680,1,321.46
CUST1062,19,Male,Urban,Medium,6,44.94,257,1126,0,831.82
CUST1852,63,Female,Rural,Medium,7,10.0,44,987,0,189.29
CUST2353,42,Other,Urban,Low,3,30.76,152,1792,0,453.06
CUST1223,55,Female,Rural,Low,4,61.24,224,1057,0,709.38
CUST1145,30,Female,Suburban,High,4,33.19,96,987,0,359.0
CUST2088,21,Female,Suburban,High,8,54.98,279,1436,0,1730.44
CUST1373,26,Female,Urban,High,3,47.08,301,1222,0,472.86
CUST2420,52,Female,Urban,Medium,3,37.78,162,466,1,72.35
CUST2142,29,Female,Urban,High,6,10.0,49,1053,1,86.55
CUST2826,30,Male,Suburban,Medium,3,51.22,361,1639,0,690.0
CUST2494,57,Female,Suburban,Low,2,35.93,123,380,1,37.41
CUST2601,54,Female,Urban,Medium,5,73.72,244,36,0,36.36
CUST2270,41,Female,Rural,Low,4,48.01,17,1381,1,363.3
CUST1009,28,Male,Suburban,Medium,6,50.2,101,1559,0,1286.5
CUST1449,39,Male,Urban,Low,3,49.98,36,172,0,70.66
CUST1708,63,Male,Suburban,Medium,5,53.44,142,1368,0,1001.45
CUST1255,42,Male,Urban,High,6,94.17,125,140,0,216.72
CUST1882,43,Male,Urban,Low,3,33.15,220,772,1,105.17
CUST1389,63,Female,Urban,Low,3,45.94,358,1085,0,409.68
CUST1908,30,Female,Urban,Low,3,27.95,350,1751,0,402.25
CUST1924,57,Male,Urban,Medium,6,38.84,298,133,0,84.92
CUST2703,49,Female,Urban,Low,7,75.97,282,1707,0,2487.03
CUST2232,19,Female,Urban,Low,2,67.63,61,1256,0,465.44
CUST1460,22,Male,Suburban,Low,2,51.54,207,1238,0,349.62
CUST2269,49,Male,Urban,Medium,7,10.0,13,615,0,117.95
CUST2759,19,Female,Rural,Medium,5,32.11,289,1864,0,819.9
CUST2168,18,Male,Urban,Medium,8,57.93,359,61,0,77.45
CUST1958,45,Female,Suburban,High,9,21.77,209,1477,1,396.42
CUST1501,60,Female,Urban,High,0,95.62,273,1795,0,0.0
CUST1739,45,Male,Rural,Medium,3,44.17,179,608,0,220.73
CUST2849,34,Male,Urban,Medium,5,84.42,139,481,0,556.25
CUST1868,18,Female,Suburban,Low,4,14.68,140,582,0,93.63
CUST1731,30,Male,Urban,Medium,9,28.73,88,1244,1,440.63
CUST1539,26,Male,Urban,Medium,9,70.05,327,962,1,830.81
CUST2201,43,Female,Urban,High,6,98.43,214,1694,0,2740.94
CUST1697,58,Female,Urban,Low,2,74.14,117,536,0,217.75
CUST2392,41,Female,Urban,Low,3,23.69,313,1325,0,257.99
CUST2376,19,Female,Urban,Low,9,59.44,125,599,0,877.92
CUST2145,21,Female,Suburban,Medium,8,48.47,220,807,1,428.66
CUST2031,58,Other,Urban,Low,4,50.28,22,900,0,495.91
CUST1372,50,Female,Urban,Low,8,38.51,88,1367,0,1153.82
CUST1667,36,Female,Suburban,Low,6,41.28,53,642,0,435.65
CUST2525,46,Female,Suburban,Medium,3,33.69,304,1980,0,548.27
CUST1357,20,Male,Suburban,Low,8,36.94,171,1303,0,1054.97
CUST1967,28,Female,Urban,Medium,4,55.33,347,696,0,422.02
CUST1783,38,Female,Suburban,High,1,34.1,121,1172,0,109.49
CUST1735,52,Male,Rural,Medium,4,60.87,155,192,0,128.08
CUST2035,52,Male,Urban,High,4,44.41,29,1277,0,621.5
CUST1970,62,Male,Urban,Low,5,72.54,112,1515,1,752.73
CUST2524,46,Male,Urban,Medium,7,63.62,30,178,0,217.18
CUST2486,41,Male,Suburban,Medium,4,41.51,85,96,0,43.67
CUST2523,63,Male,Urban,Medium,5,43.19,301,80,0,47.33
CUST2490,51,Female,Urban,Medium,5,59.09,251,1205,0,975.39
CUST2642,57,Female,Urban,High,4,55.54,285,777,1,236.46
CUST2252,24,Male,Urban,High,6,74.24,205,328,0,400.29
CUST2693,51,Male,Suburban,Low,4,73.53,153,138,1,55.6
CUST2749,34,Female,Suburban,Medium,3,38.69,226,372,1,59.15
CUST2236,21,Male,Urban,Medium,6,55.9,258,1503,0,1381.11
CUST1885,20,Male,Urban,Low,3,51.43,344,289,0,122.16
CUST1079,57,Female,Urban,Medium,5,21.12,343,1365,0,394.92
CUST2172,64,Female,Suburban,Low,4,31.65,205,854,0,296.21
CUST1814,51,Male,Suburban,Medium,4,57.48,316,1341,0,844.72
CUST2285,50,Male,Rural,Low,7,72.29,269,337,0,467.21
CUST1671,58,Male,Urban,Medium,6,49.79,90,1793,0,1467.51
CUST2531,47,Male,Urban,Low,5,42.03,300,609,0,350.63
CUST1057,31,Female,Rural,Medium,4,97.33,57,1109,0,1182.89
CUST1133,20,Female,Suburban,Medium,4,56.05,286,607,0,372.85
CUST2140,57,Female,Urban,Medium,2,30.6,255,1938,0,324.95
CUST1933,62,Male,Rural,Medium,3,53.07,192,1262,0,550.47
CUST2684,19,Female,Rural,Medium,6,17.91,295,1553,0,457.22
CUST1823,33,Male,Suburban,Low,4,60.63,272,314,0,208.63
CUST2214,49,Female,Urban,Medium,11,45.19,271,1504,0,2048.28
CUST1504,20,Male,Urban,Medium,2,55.85,280,1000,0,306.03
CUST2774,54,Female,Urban,Medium,2,53.49,358,1553,1,227.59
CUST1347,50,Male,Urban,Medium,1,44.46,162,803,1,48.91
CUST1386,37,Female,Suburban,Medium,8,16.55,253,929,0,336.99
CUST2024,52,Female,Suburban,Medium,4,19.27,335,707,0,149.3
CUST1894,52,Male,Suburban,High,4,47.06,217,1161,1,299.38
CUST1828,21,Other,Suburban,Medium,3,57.25,125,1560,1,367.03
CUST2892,49,Female,Suburban,Low,2,26.27,288,455,1,32.75
CUST1475,40,Female,Suburban,Low,6,31.94,342,656,0,344.43
CUST2470,24,Female,Suburban,Medium,2,51.53,314,1814,0,512.19
CUST2447,25,Male,Urban,Low,4,56.32,333,1063,0,656.09
CUST2581,64,Male,Suburban,High,7,51.84,316,220,0,218.72
CUST1652,50,Male,Urban,Medium,7,65.84,40,1339,1,845.37
CUST1172,37,Female,Suburban,High,4,30.29,275,652,1,108.21
CUST2149,59,Male,Urban,High,4,39.59,276,842,0,365.31
CUST1038,24,Male,Urban,High,4,57.02,225,759,1,237.14
CUST1713,64,Male,Urban,High,4,82.2,343,432,0,389.16
CUST1090,46,Male,Suburban,Low,2,31.84,131,661,1,57.66
CUST2936,20,Male,Rural,Medium,4,28.47,348,404,0,126.05
CUST2205,34,Female,Urban,Medium,5,26.74,181,1121,0,410.62
CUST1875,43,Male,Urban,Low,5,97.22,316,1013,0,1349.09
CUST2351,34,Female,Rural,Low,4,64.95,280,1731,1,616.05
CUST2889,26,Female,Suburban,High,2,54.25,226,68,0,20.21
CUST2093,27,Male,Urban,Medium,9,38.61,137,1382,0,1315.7
CUST2155,57,Female,Suburban,High,3,92.13,179,1381,1,522.87
CUST2781,55,Male,Rural,High,6,19.54,318,243,1,39.03
CUST2958,53,Male,Suburban,High,4,63.29,294,1572,1,545.16
CUST1499,50,Male,Urban,Medium,6,56.44,269,1786,0,1657.02
CUST1338,23,Male,Rural,Medium,6,38.68,181,1782,1,566.53
CUST2188,44,Male,Urban,Medium,3,84.69,225,1936,1,673.81
CUST1028,42,Female,Suburban,Low,5,57.57,135,1427,1,562.69
CUST2217,40,Male,Urban,Medium,7,69.61,105,358,0,477.93
CUST2399,36,Female,Suburban,Low,2,51.07,252,809,1,113.19
CUST2820,55,Female,Rural,Medium,4,85.78,108,71,1,33.37
CUST1945,48,Female,Suburban,Medium,7,66.5,226,375,0,478.25
CUST1169,45,Male,Suburban,High,5,36.94,110,225,0,113.86
CUST2404,60,Male,Urban,Medium,3,51.56,343,268,1,56.79
CUST2197,50,Male,Suburban,Medium,1,62.71,207,38,1,3.26
CUST2253,46,Male,Urban,High,9,60.43,44,1726,1,1285.92
CUST2613,59,Male,Suburban,Low,8,54.58,7,175,0,209.35
CUST1912,27,Female,Suburban,Medium,4,44.65,253,604,0,295.55
CUST1491,19,Female,Suburban,Medium,2,10.0,177,1545,0,84.66
CUST1953,41,Male,Urban,Medium,7,59.35,181,572,0,651.06
CUST2097,48,Female,Rural,Medium,4,33.51,192,1487,0,546.08
CUST2032,54,Male,Urban,Low,6,54.53,331,64,0,57.37
CUST1587,59,Other,Suburban,Medium,6,54.01,319,459,0,407.52
CUST1750,27,Male,Urban,Low,2,73.83,278,224,1,45.31
CUST1657,49,Female,Urban,High,7,68.2,115,737,0,963.96
CUST1234,33,Male,Rural,Low,7,20.96,194,493,0,198.17
CUST1732,50,Male,Suburban,Low,6,40.74,136,1546,0,1035.35
CUST2988,22,Male,Rural,Low,3,48.94,280,977,0,392.99
CUST2632,22,Male,Urban,Medium,5,43.54,271,1882,0,1122.5
CUST2156,58,Male,Urban,Medium,6,57.39,359,50,1,23.58
CUST2469,32,Male,Suburban,High,6,53.43,260,150,1,65.87
CUST2424,61,Female,Rural,Medium,2,40.45,12,48,1,5.32
CUST2627,35,Male,Suburban,Low,3,58.96,212,361,1,87.47
CUST1934,23,Male,Urban,Medium,8,79.15,179,1735,0,3009.87
CUST2209,39,Male,Urban,Medium,9,32.69,137,544,0,438.49
CUST2065,57,Female,Suburban,High,5,47.67,261,83,0,54.2
CUST1108,22,Female,Urban,Medium,11,41.82,225,966,0,1217.48
CUST2542,21,Male,Suburban,High,5,68.12,248,53,0,49.46
CUST1568,29,Female,Urban,High,5,54.36,341,995,0,740.93
CUST2167,40,Female,Rural,Low,4,54.43,155,628,0,374.6
CUST2174,26,Male,Suburban,Low,5,32.82,213,1001,0,450.04
CUST1890,64,Male,Urban,Medium,4,34.44,163,123,1,23.21
CUST1947,26,Female,Rural,Medium,6,23.06,64,570,0,216.07
CUST2048,57,Male,Suburban,Medium,5,60.56,278,1528,0,1267.61
CUST2352,54,Female,Suburban,Medium,4,45.43,10,715,0,355.97
CUST2777,36,Male,Urban,Medium,3,36.14,208,1691,1,251.15
CUST2446,23,Female,Suburban,Medium,7,47.85,349,1886,1,865.36
CUST1884,24,Female,Suburban,High,2,82.06,147,617,1,138.72
CUST2672,60,Female,Suburban,Medium,10,63.41,85,1192,0,2070.81
CUST1850,29,Female,Suburban,Medium,4,43.36,157,260,0,123.55
CUST1734,58,Female,Urban,High,7,82.18,282,1043,0,1643.83
CUST1717,47,Male,Rural,High,9,54.8,320,866,1,585.08
CUST1454,33,Female,Urban,Medium,4,61.67,244,1253,0,846.82
CUST1264,19,Female,Suburban,High,6,38.19,272,851,0,534.24
CUST1075,32,Female,Suburban,Medium,7,52.5,39,1908,1,960.53
CUST2657,62,Male,Suburban,Low,5,62.16,29,789,0,671.84
CUST1444,62,Female,Urban,Medium,5,52.74,158,1768,0,1277.32
CUST1395,45,Female,Urban,Low,3,28.28,66,1133,0,263.35
CUST1176,42,Male,Urban,Medium,2,59.93,304,912,0,299.49
CUST2042,21,Male,Suburban,Medium,4,43.62,173,340,0,162.53
CUST2735,28,Male,Suburban,Medium,4,57.89,133,953,1,302.3
CUST2401,60,Male,Urban,Medium,3,63.37,265,396,0,206.26
CUST2380,43,Female,Urban,Medium,6,51.29,210,101,0,85.16
CUST1595,60,Male,Urban,Low,5,76.21,328,71,0,74.12
CUST1061,21,Female,Suburban,High,8,68.08,24,1069,0,1595.12
CUST2296,22,Female,Urban,Medium,4,45.26,97,635,0,314.96
CUST1872,64,Female,Urban,Medium,3,36.89,37,1568,0,475.43
CUST2489,62,Male,Suburban,Low,2,45.14,232,1172,0,289.89
CUST2878,63,Female,Suburban,High,6,52.97,187,152,0,132.35
CUST1278,50,Male,Suburban,Low,8,70.39,301,1638,1,1263.55
CUST1036,20,Female,Urban,Medium,4,57.99,358,261,1,82.93
CUST2975,50,Female,Urban,Medium,5,56.02,339,1151,1,441.64
CUST1662,38,Other,Suburban,Medium,4,47.44,259,1588,0,825.59
CUST2953,61,Male,Urban,Low,4,27.23,97,1503,0,448.51
CUST2444,54,Male,Urban,Low,3,49.96,150,1759,1,361.15
CUST1977,37,Female,Urban,High,3,58.77,344,1619,0,782.04
CUST2571,63,Male,Urban,High,5,21.63,210,785,0,232.6
CUST1738,23,Female,Rural,Medium,4,58.25,322,324,1,103.41
CUST1191,59,Male,Urban,Low,3,25.18,223,795,0,164.53
CUST1919,64,Male,Suburban,Low,6,36.74,225,489,0,295.33
CUST1456,39,Male,Urban,High,5,57.03,205,1853,1,723.81
CUST1675,18,Male,Suburban,Medium,9,73.11,153,479,0,863.5
CUST1760,21,Female,Urban,Medium,6,16.31,344,927,0,248.54
CUST2807,20,Male,Urban,Low,5,89.01,143,589,1,359.09
CUST2602,51,Female,Urban,Medium,1,35.95,308,1466,0,144.39
CUST1728,42,Male,Suburban,Low,7,34.64,209,720,1,239.16
CUST1412,61,Male,Suburban,Low,5,47.07,18,1171,0,755.05
CUST2098,64,Male,Urban,Medium,6,64.48,278,373,1,197.68
CUST1825,28,Other,Urban,High,3,40.31,34,593,0,196.47
CUST2639,20,Male,Rural,Low,9,62.28,246,1791,1,1375.19
CUST1616,55,Male,Urban,Medium,3,27.48,306,865,0,195.37
CUST1114,26,Male,Suburban,Low,4,16.64,233,1749,1,159.47
CUST1417,62,Female,Rural,Medium,7,70.47,67,1928,0,2605.65
CUST2910,59,Male,Suburban,High,4,54.44,348,173,0,103.21
CUST1969,43,Female,Urban,High,6,58.44,64,325,0,312.21
CUST1604,55,Female,Urban,Low,3,53.64,22,528,0,232.78
CUST2918,42,Female,Urban,High,4,75.24,313,1079,0,889.69
CUST1089,58,Male,Urban,Medium,4,74.9,256,663,0,544.2
CUST1848,22,Male,Rural,Medium,8,78.81,91,1618,0,2794.84
CUST2519,49,Male,Rural,Medium,6,56.38,163,1539,0,1426.34
CUST2917,30,Male,Rural,Medium,5,58.6,34,1926,1,773.04
CUST1753,38,Male,Urban,Medium,7,31.07,212,1896,0,1129.76
CUST1498,52,Male,Urban,Low,11,33.38,265,712,1,358.13
CUST2276,21,Male,Suburban,Low,3,20.38,93,296,0,49.58
CUST2325,26,Male,Urban,Medium,4,61.51,119,1846,1,622.18
CUST1011,41,Male,Urban,Low,7,56.64,139,207,1,112.43
CUST1396,51,Female,Rural,Medium,3,35.11,26,1051,0,303.29
CUST1284,57,Female,Rural,Medium,8,66.1,157,285,0,412.9
CUST2066,57,Female,Urban,Medium,4,64.29,281,1683,0,1185.75
CUST2191,61,Male,Urban,Medium,1,47.38,311,246,0,31.93
CUST2744,51,Male,Suburban,Low,5,51.81,274,1585,1,562.46
CUST1690,45,Female,Urban,Low,3,10.0,315,811,1,33.33
CUST2752,58,Male,Rural,Medium,3,18.33,19,1147,0,172.8
CUST2875,55,Other,Urban,Low,4,63.15,103,1004,1,347.41
CUST1689,25,Female,Urban,Medium,6,47.09,226,567,0,438.9
CUST1851,43,Male,Urban,Low,7,62.26,72,111,0,132.54
CUST1159,30,Male,Rural,Low,10,78.9,359,1353,0,2924.7
CUST1895,32,Male,Urban,Medium,4,78.36,225,384,0,329.76
CUST2575,43,Male,Urban,Medium,4,27.95,49,822,0,251.78
CUST1257,48,Male,Rural,Low,8,56.6,13,118,1,73.19
CUST1335,47,Female,Urban,Medium,4,38.61,323,1644,0,695.61
CUST2879,32,Female,Rural,Medium,10,48.36,364,986,0,1306.38
CUST2039,36,Male,Rural,Low,8,54.39,38,997,0,1188.53
CUST1515,63,Female,Rural,Low,6,67.58,274,1265,0,1405.29
CUST2348,58,Female,Rural,High,8,36.86,194,1833,0,1480.86
CUST2015,48,Female,Urban,Medium,6,28.41,64,868,1,202.68
CUST1768,56,Female,Urban,High,9,23.77,199,1890,1,553.87
CUST2746,51,Female,Urban,Low,3,58.88,27,1273,1,308.03
CUST1761,18,Male,Rural,High,4,10.0,361,1633,0,178.96
CUST2246,63,Male,Urban,Low,5,69.23,182,1905,0,1806.62
CUST2203,38,Male,Urban,Medium,3,43.77,329,530,0,190.67
CUST2467,24,Male,Suburban,Medium,7,47.87,147,1661,0,1524.89
CUST2983,61,Female,Urban,Low,4,16.9,350,1288,0,238.54
CUST1521,25,Female,Suburban,High,2,29.02,164,673,0,107.02
CUST1022,19,Female,Rural,Medium,9,69.35,257,1112,1,950.76
CUST1356,48,Female,Rural,Low,6,58.8,269,573,1,276.92
CUST2277,54,Female,Suburban,Low,2,59.64,66,685,0,223.85
CUST2312,52,Female,Urban,Low,6,39.33,322,1235,0,798.45
CUST2682,29,Male,Urban,Medium,5,52.81,53,1209,0,874.62
CUST1340,58,Male,Rural,Medium,4,50.13,89,1946,0,1069.07
CUST1431,43,Male,Urban,Low,2,30.58,328,36,1,3.02
CUST1473,47,Male,Urban,Medium,11,71.94,221,957,0,2074.83
CUST1217,49,Male,Rural,Medium,4,36.9,332,47,0,19.01
CUST1911,21,Male,Suburban,High,8,73.21,106,1386,0,2223.98
CUST2227,36,Female,Suburban,High,6,73.34,16,600,0,723.35
CUST2596,64,Male,Suburban,Medium,6,49.71,117,809,0,661.07
CUST2011,41,Male,Suburban,Medium,8,61.39,247,1156,1,777.72
CUST2949,37,Male,Urban,Medium,11,36.14,34,526,0,572.89
CUST1093,18,Female,Urban,High,8,44.56,335,1488,0,1453.27
CUST2008,26,Male,Suburban,High,5,69.04,350,1916,1,906.03
CUST2070,20,Male,Suburban,Low,4,66.93,93,808,1,296.33
CUST2092,22,Female,Urban,Medium,2,58.41,56,44,0,14.08
CUST2914,29,Female,Urban,Medium,2,39.46,198,516,0,111.57
CUST2308,47,Female,Urban,Low,2,72.76,141,1603,0,639.09
CUST1696,54,Female,Urban,High,7,67.31,38,912,0,1177.28
CUST2827,34,Male,Suburban,Medium,1,67.56,355,757,1,70.06
CUST1996,40,Female,Urban,Medium,5,78.82,343,1452,0,1567.76
CUST1153,56,Other,Urban,Low,2,76.54,102,352,0,147.63
CUST2099,53,Female,Urban,Medium,5,47.69,32,1248,1,407.65
CUST2718,29,Female,Urban,Low,7,67.54,56,820,0,1062.14
CUST2997,19,Female,Urban,Low,4,26.04,28,1414,0,403.51
CUST1789,51,Male,Urban,Medium,6,42.98,254,910,0,642.93
CUST1580,42,Female,Urban,High,6,61.71,172,1152,0,1168.6
CUST1703,37,Male,Suburban,Low,8,10.0,359,1346,1,147.51
CUST2212,24,Female,Urban,Medium,4,71.13,54,806,0,628.28
CUST2295,64,Male,Urban,Medium,7,25.5,37,1385,0,677.32
CUST2665,60,Female,Urban,Medium,4,58.71,320,51,0,32.81
CUST2260,64,Male,Urban,Low,5,52.66,125,1678,0,1210.46
CUST1487,21,Male,Suburban,High,5,27.78,329,577,1,109.79
CUST1559,37,Male,Urban,Low,6,81.3,355,1687,0,2254.57
CUST2141,60,Female,Suburban,Medium,4,50.37,131,1391,1,383.92
CUST2119,22,Male,Urban,High,3,27.59,243,1955,0,443.33
CUST1801,47,Male,Rural,Medium,5,55.41,310,496,1,188.24
CUST1512,30,Female,Suburban,Medium,5,10.0,176,607,0,83.15
CUST1633,44,Male,Urban,Low,4,53.37,99,474,1,138.62
CUST2921,63,Female,Urban,Low,4,74.57,304,1068,0,872.78
CUST2787,29,Male,Rural,Medium,3,48.52,106,1943,0,774.86
CUST2545,42,Other,Urban,Medium,5,24.33,31,150,0,49.99
CUST2150,45,Other,Urban,Low,5,34.24,242,1562,0,732.64
CUST1790,55,Male,Rural,Medium,8,24.19,20,1311,0,695.08
CUST1116,29,Female,Rural,Medium,6,25.1,47,398,0,164.22
CUST1740,34,Female,Suburban,Low,10,64.24,329,1126,0,1981.76
CUST2690,34,Female,Suburban,Low,2,25.98,49,799,0,113.74
CUST2081,53,Male,Suburban,High,8,27.78,191,1017,0,619.23
CUST1830,21,Female,Rural,High,3,46.64,206,77,0,29.52
CUST1119,40,Female,Rural,Medium,7,39.87,185,276,1,105.52
CUST1656,62,Male,Urban,Medium,6,59.79,143,1508,1,741.07
CUST2907,43,Male,Suburban,High,3,40.81,155,76,0,25.49
CUST1635,43,Female,Urban,High,3,56.06,58,1362,0,627.56
CUST1369,43,Male,Urban,Low,9,45.24,141,1927,0,2149.58
CUST1268,54,Male,Suburban,High,6,84.17,121,433,1,299.55
CUST1655,61,Male,Urban,Medium,3,58.57,279,1447,0,696.58
CUST1935,54,Female,Urban,Low,4,40.7,305,512,0,228.37
CUST1822,40,Male,Suburban,Medium,2,43.14,111,1347,0,318.41
CUST1866,43,Male,Suburban,Low,12,61.03,25,1844,0,3699.92
CUST1046,26,Male,Rural,Medium,6,42.82,61,347,1,122.12
CUST2373,38,Female,Rural,Low,5,38.02,172,1776,0,924.98
CUST2708,54,Female,Urban,Low,4,48.78,273,1619,0,865.48
CUST1991,20,Male,Suburban,Low,8,10.96,63,526,0,126.36
CUST1876,45,Female,Urban,High,6,89.6,323,1038,1,764.42
CUST1773,18,Male,Suburban,Medium,6,42.0,244,931,0,642.77
CUST2219,49,Female,Suburban,Medium,8,25.29,118,1951,0,1081.44
CUST2999,23,Female,Urban,Medium,6,10.0,363,197,0,32.38
CUST1004,25,Male,Urban,Low,4,32.06,185,802,0,281.78
CUST2003,37,Male,Rural,High,5,47.97,97,872,0,573.01
CUST2723,39,Female,Urban,Low,7,36.8,54,1165,0,822.2
CUST1263,43,Male,Suburban,Low,6,68.57,121,101,0,113.84
CUST2569,46,Male,Suburban,Medium,10,34.47,132,1044,0,985.94
CUST2830,35,Male,Suburban,High,4,46.42,76,1674,0,851.58
CUST1443,57,Male,Suburban,High,7,61.19,191,450,0,528.08
CUST2002,19,Female,Suburban,Medium,3,53.87,64,223,0,98.74
CUST2077,50,Female,Suburban,Low,4,40.4,319,449,0,198.79
CUST1837,49,Female,Urban,Medium,1,54.26,309,288,1,21.41
CUST2790,61,Male,Rural,High,1,44.53,298,946,1,57.71
CUST1304,37,Male,Rural,High,7,38.53,126,776,0,573.41
CUST2365,51,Male,Suburban,High,5,61.21,282,403,1,168.96
CUST2557,23,Male,Urban,Medium,6,50.26,218,899,0,742.75
CUST1313,63,Female,Urban,High,6,59.3,295,920,0,896.81
CUST1149,21,Female,Urban,Low,5,11.53,306,554,0,87.5
CUST2148,25,Other,Urban,Medium,5,92.33,203,1113,1,703.86
CUST2213,18,Male,Urban,Medium,4,17.3,79,1981,1,187.79
CUST1574,36,Female,Urban,Low,5,58.08,245,986,0,784.48
CUST1050,45,Male,Urban,Medium,2,77.07,257,1140,0,481.42
CUST2552,21,Male,Suburban,Low,7,57.59,319,60,0,66.27
CUST1726,38,Male,Urban,Low,6,49.01,330,1782,1,717.83
CUST1833,49,Female,Urban,High,4,57.79,35,1675,0,1060.8
CUST2377,60,Male,Suburban,High,8,30.19,16,72,0,47.64
CUST2115,53,Male,Urban,High,6,16.47,29,1817,0,491.93
CUST2166,53,Male,Urban,Medium,6,49.91,151,575,0,471.75
CUST1470,56,Female,Urban,High,5,75.44,26,664,0,686.19
CUST1971,61,Male,Urban,Low,8,32.11,356,74,1,26.04
CUST1653,55,Female,Urban,Low,5,67.35,204,1843,0,1700.36
CUST1399,40,Female,Urban,High,2,58.47,286,1931,0,618.66
CUST1511,46,Female,Urban,Medium,2,47.86,42,1196,0,313.65
CUST1320,44,Male,Suburban,High,6,79.81,353,41,1,26.89
CUST1019,61,Male,Suburban,Medium,9,10.0,242,672,0,165.7
CUST1684,25,Female,Suburban,High,6,23.88,245,1994,0,782.74
CUST1035,61,Male,Urban,Low,6,56.65,259,1062,1,494.48
CUST1902,56,Female,Suburban,Low,6,63.26,87,984,1,511.63
CUST2778,22,Female,Urban,Low,5,42.66,151,1313,0,767.3
CUST1827,25,Female,Suburban,Medium,2,44.26,300,48,0,11.64
CUST2853,32,Male,Suburban,High,5,49.68,44,463,0,315.09
CUST1407,60,Female,Urban,Low,1,29.97,19,110,1,4.52
CUST1920,39,Male,Suburban,Medium,3,45.95,261,218,1,41.17
CUST1537,27,Male,Rural,Medium,7,52.74,170,710,1,359.07
CUST1758,62,Male,Rural,High,2,10.0,82,913,0,50.03
CUST2904,21,Male,Urban,High,4,66.84,92,884,0,647.52
CUST2062,64,Male,Urban,Medium,6,73.23,364,1139,0,1371.11
CUST2199,60,Female,Urban,Medium,3,73.15,13,1522,1,457.54
CUST1245,24,Female,Suburban,Medium,4,62.2,251,262,0,178.59
CUST2416,57,Male,Rural,High,4,68.11,266,898,0,670.28
CUST2127,40,Female,Urban,Low,4,66.95,232,1353,0,992.69
CUST1784,31,Female,Rural,Low,5,55.55,230,816,0,620.94
CUST2742,40,Male,Urban,Medium,5,42.13,238,631,1,182.08
CUST1489,41,Male,Urban,Low,3,18.58,330,920,0,140.5
CUST1154,62,Female,Urban,Low,9,38.01,177,1314,1,615.76
CUST1961,32,Male,Urban,Medium,4,19.52,245,1580,0,337.99
CUST1853,51,Female,Suburban,Medium,5,59.51,90,246,1,100.27
CUST2311,61,Male,Suburban,Medium,4,43.91,85,1508,1,362.83
CUST1625,62,Male,Urban,Medium,2,69.87,361,593,1,113.51
CUST1685,55,Female,Urban,Medium,0,86.26,38,731,0,0.0
CUST2561,28,Female,Suburban,Medium,9,70.3,296,1945,0,3371.51
CUST1569,26,Male,Urban,Medium,4,84.2,351,730,1,336.8
CUST2908,20,Male,Urban,Medium,4,38.51,23,1385,0,584.51
CUST1017,19,Female,Suburban,Low,7,48.15,153,1514,0,1398.06
CUST1127,52,Male,Rural,Low,6,41.67,157,1393,0,954.19
CUST2346,59,Female,Suburban,Low,5,46.9,355,1880,0,1207.84
CUST2279,31,Female,Suburban,Medium,7,68.78,309,583,0,769.02
CUST2968,29,Male,Suburban,Medium,5,42.95,266,1486,1,437.15
CUST1927,59,Female,Rural,Medium,3,10.0,114,1398,1,57.45
CUST1980,29,Female,Rural,High,3,29.6,242,1939,0,471.73
CUST2964,53,Male,Rural,Low,8,18.46,316,1661,0,672.05
CUST1190,50,Male,Urban,Low,4,71.39,345,334,1,130.65
CUST2139,64,Female,Urban,Medium,2,23.68,71,1636,0,212.28
CUST1992,50,Female,Urban,Medium,6,48.1,272,202,0,159.72
CUST2955,41,Male,Urban,Medium,4,32.13,241,1861,0,655.28
CUST2656,60,Female,Rural,High,5,47.16,139,202,0,130.5
CUST1606,63,Female,Urban,Low,7,20.74,170,1010,0,401.73
CUST1180,44,Female,Urban,Medium,6,48.79,155,246,0,197.3
CUST1301,50,Female,Suburban,Low,4,47.36,25,1601,0,830.94
CUST1496,41,Female,Suburban,Low,4,40.65,330,1723,1,383.78
CUST2720,34,Female,Rural,Medium,5,28.33,14,1210,0,469.58
CUST2709,46,Female,Suburban,High,6,53.13,120,682,1,297.82
CUST2887,26,Female,Rural,Medium,5,38.54,108,1490,1,393.32
CUST2991,58,Female,Urban,Low,5,15.98,170,1019,1,111.53
CUST1517,52,Female,Urban,Medium,5,101.43,92,1481,0,2057.78
CUST2984,31,Female,Urban,Medium,5,105.55,299,475,0,686.8
CUST2069,23,Female,Urban,Medium,6,53.81,278,258,0,228.21
CUST1476,27,Male,Urban,Medium,3,45.58,98,1422,0,532.72
CUST1157,46,Female,Urban,Medium,6,76.58,198,428,0,538.79
CUST2243,27,Male,Urban,Medium,5,45.81,92,570,1,178.85
CUST2195,23,Male,Suburban,High,5,32.03,196,65,0,28.52
CUST1016,39,Male,Urban,Low,1,43.27,111,1188,1,70.42
CUST2535,22,Female,Suburban,Medium,8,53.53,201,105,1,61.6
CUST2072,25,Female,Suburban,Low,2,43.62,311,1587,0,379.31
CUST2971,35,Female,Rural,Low,7,61.91,80,416,0,493.92
CUST1546,49,Female,Urban,High,1,21.06,303,177,0,10.21
CUST2539,62,Female,Urban,High,7,46.74,118,988,1,442.81
CUST1658,62,Male,Suburban,Medium,7,17.5,133,455,0,152.71
CUST2625,22,Other,Urban,Medium,8,50.64,151,1905,1,1057.2
CUST2019,28,Male,Suburban,Medium,3,41.8,203,1067,1,183.29
CUST2662,55,Other,Urban,Low,8,46.98,263,721,1,371.21
CUST2504,30,Male,Suburban,Low,6,47.18,222,1358,0,1053.21
CUST1959,28,Female,Rural,Medium,5,37.93,167,380,0,197.44
CUST2881,59,Female,Urban,High,6,49.36,148,1016,0,824.38
CUST1283,55,Female,Urban,Medium,4,85.9,5,1783,0,1678.46
CUST1797,55,Male,Urban,Medium,16,67.75,174,1317,0,3911.31
CUST2626,43,Female,Urban,High,4,21.81,84,1471,0,351.59
CUST1225,22,Female,Urban,Low,2,27.29,136,380,0,56.82
CUST1026,39,Female,Urban,Medium,6,55.84,175,441,0,404.8
CUST2770,46,Female,Rural,Medium,10,54.91,282,459,1,345.26
CUST1437,18,Male,Suburban,Medium,8,26.78,63,243,0,142.63
CUST2948,41,Male,Urban,Low,5,27.12,199,997,0,370.39
CUST2388,57,Female,Suburban,Low,4,46.01,222,834,0,420.52
CUST1229,28,Male,Suburban,Medium,4,44.61,10,930,1,227.33
CUST1037,54,Male,Urban,Low,7,10.0,148,640,0,122.74
CUST1749,27,Female,Suburban,Medium,6,25.67,113,1314,1,277.24
CUST2045,59,Female,Urban,Medium,5,59.08,191,1593,0,1289.24
CUST2398,37,Female,Urban,Medium,5,25.54,309,672,0,235.11
CUST1469,38,Other,Urban,High,7,63.15,152,1811,1,1096.65
CUST2692,48,Female,Urban,High,8,65.05,40,30,0,42.77
CUST2967,59,Female,Suburban,Medium,3,79.03,6,457,0,296.85
CUST1687,41,Female,Urban,Medium,8,50.59,127,1780,0,1973.7
CUST2843,58,Male,Urban,High,2,21.81,24,1368,0,163.49
CUST1639,62,Female,Urban,Low,6,51.34,35,77,0,64.98
CUST2712,37,Female,Urban,Medium,4,78.02,243,108,0,92.34
CUST2218,36,Female,Urban,High,13,48.51,303,823,0,1421.94
CUST2158,28,Female,Urban,Medium,5,43.48,104,1868,0,1112.61
CUST2415,60,Male,Suburban,Low,7,47.04,11,1232,0,1111.43
CUST2527,33,Male,Suburban,High,9,39.61,91,1871,0,1827.38
CUST2655,30,Female,Suburban,High,3,31.35,328,68,0,17.52
CUST2300,19,Male,Suburban,High,8,45.99,359,326,0,328.61
CUST2822,19,Female,Urban,Low,3,20.98,350,1314,0,226.58
CUST1800,32,Male,Urban,Medium,5,73.02,37,58,0,58.02
CUST2603,28,Female,Urban,Medium,4,61.95,55,1259,0,854.74
CUST1160,49,Male,Urban,High,3,40.64,137,148,1,24.72
CUST1956,19,Female,Urban,Medium,7,47.86,192,1089,0,999.55
CUST2186,44,Female,Urban,Low,5,58.68,127,1955,1,785.75
CUST1821,64,Male,Urban,High,10,26.1,128,1737,0,1242.07
CUST2681,46,Female,Urban,Low,5,10.0,74,1757,0,240.68
CUST1877,40,Male,Urban,Medium,4,54.46,218,616,0,367.64
CUST1913,20,Female,Urban,High,3,60.64,49,132,0,65.79
CUST1152,40,Male,Suburban,High,1,43.97,300,1944,0,234.19
CUST2870,30,Female,Urban,Medium,3,37.03,200,659,1,100.29
CUST2776,23,Female,Urban,Medium,3,68.79,295,314,0,177.53
CUST1509,60,Male,Urban,Low,4,38.47,342,1791,0,755.07
CUST2135,57,Female,Urban,Medium,3,67.75,17,463,0,257.82
CUST2250,45,Female,Urban,High,6,34.51,49,142,1,40.28
CUST2683,56,Male,Suburban,Medium,5,54.86,233,1477,1,554.99
CUST1103,34,Male,Urban,High,7,68.52,273,1068,0,1403.44
CUST2445,33,Female,Suburban,Low,5,20.91,130,1537,0,440.26
CUST2443,40,Female,Suburban,Medium,5,64.17,204,1679,0,1475.91
CUST1586,62,Female,Urban,Medium,2,34.13,281,1570,0,293.61
CUST2768,61,Female,Urban,Low,7,47.94,325,1965,0,1806.62
CUST2143,61,Female,Suburban,Medium,6,58.39,21,927,1,444.88
CUST1053,61,Female,Suburban,Medium,3,48.61,119,1371,0,547.76
CUST1151,54,Female,Urban,Medium,4,67.28,258,1593,0,1174.54
CUST1403,39,Female,Urban,Low,1,31.33,321,386,0,33.13
CUST2942,50,Male,Suburban,Medium,6,38.98,37,1312,1,420.34
CUST1207,45,Male,Suburban,Medium,4,42.91,286,1506,1,354.1
CUST2894,29,Male,Urban,Low,6,67.47,356,643,0,713.15
CUST2122,27,Female,Urban,High,8,70.81,10,1897,0,2944.14
CUST2890,56,Female,Urban,Low,4,32.28,209,1974,1,349.15
CUST1008,40,Male,Rural,Medium,6,73.6,228,917,0,1109.44
CUST2014,47,Female,Suburban,Medium,5,40.01,313,621,0,340.36
CUST2906,39,Female,Suburban,High,6,49.95,139,485,0,398.23
CUST2060,34,Female,Rural,Medium,4,10.0,273,1844,1,101.04
CUST1452,29,Female,Suburban,High,5,52.5,93,136,1,48.9
CUST1253,28,Male,Urban,Low,6,55.66,41,1780,1,814.31
CUST2327,19,Male,Rural,Low,4,30.74,350,1807,1,304.37
CUST1896,42,Other,Rural,Medium,1,61.05,216,498,0,83.3
CUST2733,24,Female,Suburban,Low,2,31.14,208,1763,1,150.41
CUST1880,19,Male,Urban,Medium,4,17.14,111,936,0,175.81
CUST2595,30,Female,Suburban,Low,5,67.11,90,1360,0,1250.27
CUST2888,23,Male,Suburban,Medium,3,66.45,9,931,0,508.48
CUST1623,24,Other,Suburban,Medium,1,29.92,185,725,1,29.72
CUST1345,48,Female,Urban,Medium,4,68.52,343,1419,1,532.77
CUST2702,58,Female,Rural,Medium,6,80.38,147,652,0,861.5
CUST1262,33,Male,Urban,Medium,6,47.68,249,1292,0,1012.64
CUST2634,34,Female,Urban,Low,4,80.48,182,64,1,28.22
CUST2321,49,Female,Urban,Low,2,26.78,229,1080,0,158.48
CUST2438,36,Female,Rural,Medium,5,49.44,356,1950,0,1320.66
CUST1150,47,Male,Urban,Low,4,46.03,145,772,0,389.43
CUST1472,50,Female,Suburban,Medium,4,61.36,32,432,0,290.49
CUST1640,30,Male,Suburban,Low,4,64.78,303,1944,0,1380.08
CUST2982,59,Female,Urban,Medium,6,41.62,103,1726,0,1180.87
CUST2882,61,Female,Urban,Medium,4,63.8,129,1281,0,895.65
CUST1550,54,Male,Urban,Medium,5,57.4,364,578,1,227.24
CUST2779,20,Female,Suburban,Medium,3,19.77,69,524,0,85.15
CUST1928,58,Female,Urban,Medium,3,33.84,219,1074,1,149.36
CUST1488,33,Female,Urban,Medium,5,64.62,77,1396,1,617.87
CUST2811,42,Female,Suburban,Medium,3,78.28,138,1240,1,398.91
CUST2171,38,Female,Urban,Medium,6,66.37,165,1889,1,1030.46
CUST1146,49,Female,Rural,Low,11,26.96,162,208,1,84.5
CUST2704,51,Male,Urban,Low,1,26.49,310,1269,0,92.1
CUST2928,35,Male,Rural,Medium,3,56.31,105,939,1,217.29
CUST1402,39,Female,Urban,Low,10,61.21,278,1072,1,898.86
CUST1954,48,Female,Urban,Low,8,75.15,347,848,0,1396.76
CUST2877,43,Male,Urban,High,1,39.12,106,1126,0,120.68
CUST1659,64,Male,Suburban,Medium,4,75.86,168,1080,1,448.92
CUST2372,43,Female,Rural,Medium,4,65.05,256,1466,0,1045.08
CUST1463,63,Male,Urban,Medium,10,45.48,161,879,0,1095.26
CUST2349,55,Male,Suburban,Medium,1,51.89,224,1491,0,211.97
CUST1186,25,Female,Suburban,Low,5,25.19,155,57,0,19.67
CUST2147,54,Female,Urban,Low,9,45.12,32,1695,0,1885.77
CUST2224,47,Male,Urban,Medium,9,67.86,304,1440,0,2409.49
CUST1608,57,Female,Suburban,Medium,3,58.47,106,514,0,247.02
CUST1143,43,Male,Urban,High,7,29.74,172,265,1,75.57
CUST1751,36,Female,Rural,High,4,24.18,353,871,0,230.8
CUST2534,37,Female,Urban,Medium,6,65.29,24,685,1,367.59
CUST1981,64,Female,Suburban,High,4,55.62,280,1804,0,1099.6
CUST1197,41,Male,Urban,Medium,4,73.4,344,1919,1,771.81
CUST2633,30,Male,Urban,Medium,5,65.17,312,1609,0,1436.42
CUST1883,31,Male,Suburban,Medium,5,82.75,196,478,0,541.84
CUST1279,41,Female,Urban,Medium,3,41.19,128,1275,1,215.82
CUST1293,35,Male,Rural,Medium,6,53.71,107,662,0,584.48
CUST2823,41,Female,Urban,High,6,41.61,174,77,0,52.67
CUST1400,39,Male,Suburban,High,2,56.12,36,642,0,197.42
CUST1122,52,Female,Urban,Medium,5,28.78,314,1560,0,615.02
CUST2207,58,Female,Urban,Low,3,55.54,330,1719,1,392.36
CUST1202,20,Male,Urban,Low,6,21.78,185,1055,0,377.72
CUST2462,34,Male,Suburban,Medium,6,63.22,335,526,0,546.64
CUST1835,44,Female,Rural,Low,9,53.3,246,1241,0,1630.98
CUST1246,58,Male,Suburban,Medium,2,74.64,21,1731,0,707.96
CUST2439,25,Male,Suburban,High,5,67.49,294,750,0,693.39
CUST2753,56,Female,Suburban,Medium,2,40.29,223,1971,1,217.57
CUST2901,28,Female,Urban,Low,5,52.43,221,806,0,578.88
CUST2707,47,Male,Rural,Low,6,28.2,114,994,1,230.39
CUST2880,51,Female,Urban,Medium,2,29.98,21,1030,0,169.2
CUST2153,46,Male,Urban,Low,6,25.2,173,1828,0,757.24
CUST2661,44,Female,Urban,Medium,10,64.49,251,1727,1,1525.67
CUST2426,55,Male,Urban,High,8,62.11,240,847,0,1153.03
CUST1384,53,Female,Rural,Low,4,51.12,268,642,1,179.83
CUST2758,49,Male,Urban,Medium,4,54.62,362,1062,1,317.84
CUST1854,31,Male,Suburban,High,6,32.86,133,364,0,196.62
CUST2589,34,Male,Rural,Low,2,46.51,24,1487,0,378.96
CUST1219,49,Female,Urban,Medium,5,62.56,29,1582,0,1355.75
CUST1641,45,Female,Rural,Low,5,35.02,46,1135,0,544.49
CUST1001,46,Male,Urban,Low,3,28.0,318,1304,1,150.05
CUST1112,45,Male,Urban,Medium,4,53.55,225,333,1,97.71
CUST1698,53,Female,Urban,Low,5,48.21,238,1515,1,500.26
CUST2915,40,Female,Urban,High,9,50.3,170,1189,0,1474.69
CUST1951,54,Male,Urban,Medium,6,55.32,312,372,0,338.29
CUST2648,41,Female,Urban,Low,2,44.61,340,234,1,28.6
CUST2636,62,Female,Suburban,High,2,34.89,189,1400,0,267.65
CUST2885,20,Female,Urban,Low,5,24.96,199,302,0,103.26
CUST2410,26,Female,Rural,Medium,3,71.33,307,662,1,194.06
CUST2409,26,Male,Suburban,Medium,4,54.18,237,570,1,169.22
CUST2533,56,Male,Suburban,Medium,7,69.96,134,1927,0,2585.45
CUST2291,46,Female,Urban,High,3,38.94,120,1956,0,626.03
CUST2808,37,Female,Urban,Low,7,88.7,353,587,0,998.54
CUST1441,49,Male,Urban,Low,3,37.99,331,1857,1,289.92
CUST2520,49,Female,Urban,Medium,5,66.06,265,472,1,213.56
CUST2136,35,Female,Urban,Medium,8,81.07,156,1155,1,1026.15
CUST2715,21,Male,Rural,Medium,10,10.0,331,1202,0,329.32
CUST2256,20,Male,Suburban,Medium,7,64.13,189,700,0,860.92
CUST2863,19,Male,Urban,Medium,6,44.98,320,874,1,323.12
CUST2631,45,Male,Suburban,Low,5,58.03,177,674,0,535.78
CUST2695,62,Male,Urban,Low,4,42.92,41,1178,0,554.08
CUST2397,64,Female,Rural,Medium,7,79.81,134,480,0,734.69
CUST1663,28,Male,Urban,Low,3,66.76,46,360,0,197.54
CUST2835,48,Male,Urban,Low,9,47.73,218,184,0,216.55
CUST2257,41,Male,Urban,Low,3,39.88,170,40,0,13.11
CUST2773,33,Female,Urban,High,9,41.22,338,1609,0,1635.36
CUST2700,24,Female,Suburban,Low,4,86.34,195,1297,0,1227.21
CUST1317,62,Male,Urban,Low,4,43.02,143,1661,0,783.08
CUST1648,20,Male,Suburban,Low,3,14.37,127,509,1,30.06
CUST2434,64,Female,Rural,Medium,8,57.38,352,1202,0,1511.69
CUST2479,52,Male,Rural,Medium,5,43.69,99,56,0,33.52
CUST1709,52,Male,Urban,Low,5,35.36,314,57,1,13.8
CUST2382,38,Male,Urban,Low,5,93.29,285,1602,0,2047.27
CUST2282,24,Female,Suburban,Medium,6,30.17,162,1559,0,773.18
CUST1972,22,Male,Urban,Low,2,66.0,185,524,1,94.75
CUST1627,53,Male,Urban,Medium,4,41.76,355,1099,1,251.48
CUST1632,56,Female,Rural,High,6,65.09,163,1180,1,631.28
CUST2306,54,Female,Rural,Low,4,49.93,212,921,0,503.95
CUST2400,52,Female,Urban,Medium,5,65.49,245,52,0,46.65
CUST2408,19,Female,Suburban,Medium,1,30.5,262,971,0,81.14
CUST2248,50,Female,Urban,Medium,10,72.94,283,959,0,1916.42
CUST2952,45,Female,Rural,Low,4,17.69,211,1175,0,227.79
CUST2254,25,Female,Urban,Low,6,52.95,300,1072,0,933.08
CUST2496,40,Female,Suburban,Low,4,58.48,95,1624,1,520.39
CUST2371,34,Female,Suburban,Medium,8,94.4,199,150,0,310.36
CUST2529,64,Male,Urban,High,4,47.4,211,397,1,103.11
CUST2663,24,Female,Urban,High,1,73.2,64,644,0,129.15
CUST2354,55,Male,Suburban,Medium,11,24.47,344,295,0,217.55
CUST2925,46,Female,Rural,Low,3,48.55,36,236,0,94.17
CUST2900,24,Female,Urban,Low,4,58.09,82,901,0,573.58
CUST2643,44,Male,Suburban,Medium,4,39.29,300,1924,0,828.43
CUST2848,58,Female,Urban,Medium,10,27.72,324,260,0,197.46
CUST1795,44,Male,Rural,Low,11,64.02,358,1330,0,2566.06
CUST1645,58,Female,Urban,Low,9,46.14,107,1084,0,1233.27
CUST2012,55,Female,Urban,Medium,3,67.84,316,562,0,313.37
CUST2839,62,Female,Urban,Medium,8,34.15,158,416,0,311.37
CUST1556,58,Male,Suburban,High,3,54.65,321,1671,0,750.58
CUST1681,27,Male,Suburban,High,4,59.19,137,1847,0,1198.07
CUST1577,22,Female,Rural,Medium,5,68.4,114,800,0,749.59
CUST2109,29,Female,Suburban,Low,2,48.66,152,715,1,95.32
CUST2266,25,Male,Suburban,Medium,7,63.54,294,1988,1,1211.26
CUST2722,18,Female,Suburban,High,8,71.09,245,317,0,493.93
CUST2183,19,Female,Urban,Medium,7,58.59,125,485,0,544.97
CUST1524,27,Male,Urban,High,5,58.5,97,1172,0,939.21
CUST2059,42,Male,Suburban,Medium,5,53.96,120,327,0,241.71
CUST1540,41,Male,Urban,Medium,4,67.71,33,1881,1,697.88
CUST2194,24,Female,Suburban,High,4,74.17,217,1573,0,1278.57
CUST2678,19,Female,Urban,Medium,6,29.88,121,346,0,169.95
CUST1748,54,Other,Urban,Medium,5,78.03,224,698,0,746.1
CUST2851,63,Male,Urban,Medium,3,52.01,338,1506,0,643.78
CUST2430,54,Male,Urban,Low,8,30.04,304,489,0,321.96
CUST1484,18,Male,Urban,Low,1,70.83,186,1334,0,258.87
CUST2757,28,Other,Urban,High,6,31.17,332,655,0,335.61
CUST1095,24,Male,Suburban,Low,6,65.12,362,1723,0,1844.41
CUST2020,26,Male,Suburban,Medium,7,35.53,182,1509,1,514.11
CUST1563,36,Male,Urban,Low,2,42.83,70,1713,0,402.02
CUST2264,45,Male,Suburban,Medium,7,61.64,345,1426,0,1685.73
CUST1742,48,Other,Rural,Medium,2,82.27,301,730,1,164.54
CUST1863,47,Female,Urban,Medium,8,78.14,58,954,1,816.94
CUST2598,26,Female,Urban,Low,4,27.08,354,972,0,288.46
CUST2714,53,Female,Suburban,Medium,3,27.93,50,1506,0,345.72
CUST2484,31,Female,Suburban,Low,5,64.57,117,269,0,237.94
CUST1891,62,Female,Urban,Medium,9,62.25,61,1050,0,1611.68
CUST2577,20,Male,Urban,Low,1,53.68,215,691,0,101.62
CUST2038,22,Female,Urban,Medium,2,78.39,18,992,0,426.1
CUST1206,19,Female,Urban,Medium,3,88.78,227,1788,0,1304.7
CUST1392,29,Male,Urban,Medium,4,64.81,58,1516,0,1076.73
CUST1794,32,Other,Urban,High,5,55.54,128,1702,0,1294.92
CUST1870,52,Female,Rural,High,4,29.03,362,812,0,258.33
CUST1397,19,Male,Suburban,Low,6,58.26,298,372,1,178.13
CUST1766,48,Male,Rural,Low,4,47.8,111,1670,0,874.81
CUST2841,50,Female,Urban,Medium,7,63.0,312,1962,1,1185.26
CUST2241,20,Female,Urban,Medium,4,87.78,201,450,1,216.44
CUST2028,46,Female,Urban,Low,7,47.59,145,1134,1,517.49
CUST2792,44,Male,Urban,High,4,50.87,203,1475,0,822.28
CUST1642,37,Male,Suburban,High,7,30.29,87,1162,1,337.51
CUST2891,48,Female,Suburban,Low,4,12.55,245,711,0,97.79
CUST1612,19,Male,Suburban,Medium,4,28.94,168,1714,0,543.6
CUST2762,37,Female,Suburban,Medium,4,10.0,244,1374,0,150.58
CUST1960,21,Female,Rural,Low,6,58.66,246,217,0,209.25
CUST2570,62,Male,Urban,Low,7,23.19,203,504,0,224.15
CUST1725,28,Female,Rural,Medium,4,63.16,218,634,0,438.83
CUST1683,33,Other,Suburban,High,5,22.08,71,405,0,122.5
CUST1098,18,Male,Rural,Medium,5,27.18,116,1093,0,406.96
CUST1804,22,Female,Urban,Low,4,70.71,70,1347,0,1043.8
CUST2751,30,Female,Suburban,Medium,3,70.7,355,1680,0,976.24
CUST2597,42,Female,Urban,Medium,1,29.8,110,1788,0,145.98
CUST1406,32,Male,Urban,Low,8,21.87,282,1659,0,795.23
CUST1502,54,Female,Urban,Medium,5,82.67,343,632,1,357.86
CUST2071,24,Female,Urban,Low,6,73.26,35,1884,0,2268.85
CUST2056,40,Other,Suburban,Medium,7,58.25,360,1619,0,1808.62
CUST1929,54,Female,Urban,High,5,69.71,54,416,0,397.25
CUST1779,64,Female,Rural,Medium,3,36.4,215,715,1,106.96
CUST1200,56,Male,Suburban,Low,10,32.98,253,1667,0,1506.24
CUST1134,18,Male,Rural,Medium,0,22.9,323,1901,1,0.0
CUST2051,57,Female,Urban,Low,4,49.49,333,1880,0,1019.63
CUST1040,26,Male,Rural,Low,3,20.41,44,1450,1,121.62
CUST2017,61,Female,Rural,Medium,8,22.58,80,1375,0,680.49
CUST1230,33,Female,Urban,High,2,83.71,225,257,1,58.94
CUST2513,59,Female,Urban,Medium,3,52.27,364,911,0,391.38
CUST2796,34,Female,Urban,Medium,9,54.94,321,1957,0,2651.12
CUST1378,43,Male,Rural,Low,3,74.19,169,638,0,389.04
CUST1288,52,Female,Suburban,Medium,4,69.35,262,1840,0,1398.4
CUST1418,49,Male,Suburban,Low,8,65.23,255,254,1,181.57
CUST2698,36,Female,Urban,Medium,4,57.42,211,1468,0,923.75
CUST1391,31,Female,Urban,Medium,5,31.08,161,1264,0,538.15
CUST1592,52,Female,Suburban,High,4,33.15,51,1604,0,582.71
CUST2522,56,Female,Rural,Medium,8,30.33,138,949,1,315.43
CUST2162,54,Female,Suburban,Medium,4,10.0,76,973,0,106.63
CUST2086,44,Male,Urban,Medium,7,27.44,160,1669,0,878.31
CUST2495,43,Female,Rural,Medium,8,40.37,89,790,1,349.5
CUST1647,18,Other,Suburban,Low,5,82.53,40,597,0,674.94
CUST2152,26,Male,Urban,Medium,3,70.88,316,1172,0,682.78
CUST2367,62,Other,Suburban,Medium,1,38.78,125,546,1,29.01
CUST1520,43,Female,Urban,Medium,2,38.68,189,1291,0,273.62
CUST2862,50,Female,Rural,Medium,4,47.78,153,750,0,392.71
CUST1064,59,Other,Urban,Low,4,47.33,324,231,0,119.82
CUST2836,55,Female,Urban,Low,9,85.62,243,967,1,1020.75
CUST1014,41,Female,Urban,Medium,4,57.38,131,288,0,181.1
CUST2180,43,Male,Urban,Medium,6,48.08,284,1891,1,747.28
CUST2064,31,Male,Suburban,Low,5,48.28,319,1142,1,377.64
CUST1492,45,Male,Urban,Low,7,32.31,174,758,0,469.69
CUST1379,52,Female,Rural,Medium,5,42.62,302,541,1,157.93
CUST1187,44,Female,Rural,Low,5,67.05,139,1425,0,1308.85
CUST1763,49,Other,Urban,Low,4,80.5,253,109,0,96.16
CUST1216,43,Female,Rural,High,4,39.4,117,988,0,426.6
CUST1791,51,Female,Rural,Low,7,69.83,204,1585,1,1061.32
CUST2076,46,Male,Rural,Medium,3,65.57,167,498,0,268.39
CUST1878,31,Female,Rural,High,6,48.95,335,1531,0,1231.93
CUST1337,63,Male,Urban,High,5,49.59,321,1354,0,919.79
CUST2772,64,Female,Suburban,Low,3,88.93,41,887,0,648.34
CUST1719,22,Male,Urban,Low,5,42.71,153,142,1,41.54
CUST2748,21,Male,Urban,Low,3,56.8,108,1550,0,723.62
CUST1295,52,Female,Rural,High,1,22.84,293,391,0,24.47
CUST2725,35,Female,Rural,Medium,3,41.31,131,1671,0,567.36
CUST2016,22,Male,Urban,High,2,26.62,182,1764,1,128.65
CUST2275,33,Female,Rural,Medium,9,15.9,43,238,0,93.31
CUST2750,52,Male,Urban,High,4,40.01,324,935,0,409.97
CUST2485,48,Male,Rural,Medium,7,43.36,4,1357,1,564.21
CUST1455,54,Male,Urban,High,5,14.4,183,148,1,14.6
CUST2996,37,Other,Suburban,Medium,10,57.94,132,515,1,408.75
CUST1815,23,Male,Suburban,Low,6,32.97,61,716,1,194.03
CUST2886,23,Male,Suburban,Low,2,33.52,235,1811,1,166.31
CUST1269,49,Male,Rural,Medium,8,74.88,227,1728,0,2836.0
CUST1995,22,Female,Rural,Medium,10,21.46,254,508,1,149.34
CUST1201,19,Female,Suburban,Low,7,10.0,85,1000,0,191.78
CUST1161,24,Female,Rural,Medium,9,72.09,27,1611,0,2863.65
CUST2579,22,Male,Urban,Medium,0,62.5,350,1452,0,0.0
CUST1729,39,Female,Urban,Medium,3,44.62,51,1040,0,381.41
CUST1401,42,Female,Rural,High,3,100.98,19,158,1,65.57
CUST1702,50,Male,Suburban,Low,5,73.09,319,60,0,60.07
CUST2500,21,Female,Urban,Low,6,61.35,253,1185,0,1195.06
CUST2845,28,Female,Rural,High,7,31.97,52,1394,0,854.69
CUST2795,42,Female,Urban,High,3,70.54,216,1882,0,1091.15
CUST2129,43,Male,Urban,High,11,45.96,72,1547,0,2142.74
CUST1565,29,Female,Urban,Low,4,11.54,200,960,0,121.41
CUST2413,18,Male,Rural,Medium,5,52.07,96,1709,1,609.5
CUST2021,51,Female,Suburban,Medium,8,10.0,214,250,0,54.79
CUST2025,18,Female,Suburban,Medium,3,103.2,202,1226,0,1039.92
CUST2411,57,Female,Urban,Low,5,71.08,355,227,0,221.03
CUST2895,25,Female,Urban,Medium,4,28.82,153,1859,0,587.14
CUST2585,37,Female,Urban,Medium,7,72.65,297,1883,0,2623.56
CUST2104,25,Female,Urban,Low,6,52.84,216,1873,1,813.45
CUST1205,19,Female,Suburban,High,2,49.9,280,286,0,78.2
CUST1034,64,Male,Urban,High,2,22.15,73,932,0,113.12
CUST1775,22,Male,Urban,Low,3,19.61,156,1396,0,225.0
CUST1508,27,Female,Urban,High,2,56.99,359,1463,1,228.43
CUST2451,29,Male,Urban,Medium,5,39.97,116,578,0,316.47
CUST2478,56,Female,Suburban,Medium,5,44.17,146,125,0,75.63
CUST2970,62,Female,Urban,Medium,3,90.25,150,149,1,55.26
CUST2390,51,Female,Urban,Medium,5,27.68,149,1207,0,457.67
CUST1091,32,Male,Urban,Low,3,34.44,21,838,0,237.21
CUST2363,44,Female,Urban,High,7,22.07,171,368,0,155.76
CUST1897,54,Male,Urban,Medium,2,54.89,139,124,0,37.3
CUST1564,53,Female,Rural,Medium,7,56.35,208,599,0,647.33
CUST2369,27,Female,Urban,Medium,5,61.18,265,1291,1,540.98
CUST1776,47,Female,Rural,Medium,1,10.0,236,153,1,2.1
CUST1241,20,Female,Urban,Medium,9,11.08,15,538,0,146.98
CUST1013,57,Male,Suburban,High,8,23.91,57,1600,0,838.49
CUST1315,55,Male,Urban,High,5,79.68,197,578,1,315.45
CUST1600,26,Female,Urban,Medium,3,41.39,9,1617,0,550.09
CUST1387,18,Female,Suburban,High,9,61.14,238,1914,0,2885.47
CUST2297,37,Female,Urban,High,9,10.0,359,1043,0,257.18
CUST1166,62,Female,Urban,Medium,3,20.75,131,334,0,56.96
CUST1840,22,Male,Suburban,Medium,3,13.54,141,337,0,37.5
CUST1020,47,Male,Rural,Low,5,62.8,208,110,0,94.63
CUST1646,56,Female,Urban,Medium,3,72.57,75,387,0,230.83
CUST2842,55,Male,Suburban,Medium,9,73.8,298,1763,0,3208.18
CUST2508,62,Female,Urban,Medium,4,50.85,143,1853,0,1032.6
CUST2154,31,Male,Suburban,High,9,51.76,137,1524,0,1945.04
CUST2528,61,Male,Urban,Medium,7,35.24,91,1145,1,386.92
CUST1831,42,Female,Urban,Medium,6,53.56,120,1798,0,1583.03
CUST2267,51,Female,Suburban,Low,5,33.53,20,1288,0,591.6
CUST2590,41,Female,Urban,Low,2,48.93,9,1116,0,299.21
CUST2899,64,Female,Urban,Medium,1,35.71,277,186,1,9.1
CUST1562,30,Other,Suburban,Medium,7,69.37,299,1782,0,2370.74
CUST2951,21,Male,Urban,Low,3,47.99,256,1093,0,431.12
CUST1686,29,Male,Urban,Medium,6,88.47,216,867,0,1260.88
CUST1957,37,Male,Urban,Medium,6,46.01,67,786,0,594.47
CUST1189,54,Male,Urban,Medium,5,29.35,19,217,1,43.62
CUST2806,41,Female,Rural,Low,2,50.82,241,242,0,67.39
CUST1975,21,Female,Urban,Medium,6,37.2,5,1399,1,427.75
CUST1699,44,Female,Urban,Low,6,49.9,364,59,0,48.4
CUST2499,32,Male,Suburban,Low,5,64.13,45,892,0,783.62
CUST2705,45,Male,Rural,Medium,9,59.28,243,994,0,1452.93
CUST1510,61,Male,Urban,Medium,9,36.25,105,1278,1,571.16
CUST2082,46,Male,Urban,High,5,41.1,330,1237,0,696.45
CUST1474,54,Female,Suburban,Medium,5,62.42,206,1632,1,697.74
CUST2584,52,Male,Urban,Medium,2,34.23,151,988,0,185.31
CUST1856,62,Other,Rural,Medium,5,57.35,232,893,0,701.56
CUST1747,54,Other,Suburban,Low,7,52.96,206,153,0,155.4
CUST1252,18,Other,Suburban,High,2,62.35,160,1664,1,284.25
CUST1021,55,Male,Rural,Medium,8,66.85,170,1420,0,2080.59
CUST2337,46,Female,Rural,Low,5,51.37,189,1120,0,788.14
CUST1459,45,Male,Urban,High,1,64.08,115,717,0,125.88
CUST2184,24,Female,Urban,Low,3,33.35,312,1647,0,451.46
CUST1276,37,Female,Suburban,Medium,8,56.64,275,897,0,1113.56
CUST1955,23,Female,Urban,Low,3,84.17,194,1734,1,599.8
CUST2215,30,Female,Urban,High,4,57.99,118,1569,1,498.56
CUST1385,62,Male,Urban,Medium,4,30.7,88,1632,1,274.53
CUST1805,46,Female,Suburban,Low,5,36.64,84,631,0,316.71
CUST2437,41,Female,Rural,High,6,43.39,227,1301,0,927.95
CUST2515,47,Male,Suburban,Low,1,51.45,80,766,0,107.97
CUST1343,46,Male,Rural,Medium,0,53.66,5,783,1,0.0
CUST1769,43,Female,Urban,Low,4,74.07,295,1495,0,1213.53
CUST2332,39,Female,Urban,Low,3,70.38,335,868,0,502.11
CUST2685,49,Female,Rural,Medium,2,28.42,363,120,0,18.69
CUST1130,54,Female,Urban,Low,3,37.26,43,1886,0,577.58
CUST2687,63,Male,Rural,Low,8,51.39,162,1095,0,1233.36
CUST1871,32,Male,Urban,Low,3,55.12,222,116,0,52.55
CUST2123,57,Male,Urban,Low,10,46.09,132,349,0,440.7
CUST2396,53,Female,Rural,Low,4,87.07,191,460,1,219.46
CUST1087,42,Other,Urban,Medium,2,70.32,125,600,0,231.19
CUST2482,56,Male,Rural,High,2,56.47,233,1295,0,400.7
CUST1330,21,Male,Suburban,Low,4,20.73,302,1390,0,315.78
CUST2238,25,Female,Rural,Low,2,69.11,53,845,0,319.99
CUST1466,33,Female,Urban,Medium,2,28.86,236,1183,0,187.08
CUST1121,54,Female,Urban,Low,6,51.95,13,1259,0,1075.15
CUST2638,46,Male,Suburban,High,4,60.02,309,1566,1,515.02
CUST2044,62,Male,Urban,Low,5,44.69,67,1634,0,1000.32
CUST2724,43,Female,Suburban,Medium,7,55.5,273,1755,0,1867.99
CUST2095,55,Male,Suburban,Medium,5,56.27,69,1445,0,1113.84
CUST2130,63,Male,Suburban,Low,7,63.01,16,1707,1,1031.38
CUST2294,18,Male,Urban,Medium,4,32.81,118,1285,0,462.04
CUST1860,64,Male,Suburban,Low,3,61.85,77,623,1,158.35
CUST2459,27,Female,Urban,Medium,3,53.45,351,411,0,180.56
CUST2126,25,Male,Urban,Medium,5,44.57,218,724,0,442.04
